"Samples","1000.9","1002.8","1004.7","1006.7","1008.6","1010.5","1012.5","1014.4","1016.3","1018.2","1020.2","1022.1","1024","1026","1027.9","1029.8","1031.7","1033.7","1035.6","1037.5","1039.5","1041.4","1043.3","1045.2","1047.2","1049.1","1051","1053","1054.9","1056.8","1058.7","1060.7","1062.6","1064.5","1066.5","1068.4","1070.3","1072.2","1074.2","1076.1","1078","1080","1081.9","1083.8","1085.7","1087.7","1089.6","1091.5","1093.5","1095.4","1097.3","1099.2","1101.2","1103.1","1105","1107","1108.9","1110.8","1112.7","1114.7","1116.6","1118.5","1120.5","1122.4","1124.3","1126.2","1128.2","1130.1","1132","1134","1135.9","1137.8","1139.7","1141.7","1143.6","1145.5","1147.5","1149.4","1151.3","1153.2","1155.2","1157.1","1159","1161","1162.9","1164.8","1166.7","1168.7","1170.6","1172.5","1174.5","1176.4","1178.3","1180.2","1182.2","1184.1","1186","1188","1189.9","1191.8","1193.7","1195.7","1197.6","1199.5","1201.5","1203.4","1205.3","1207.2","1209.2","1211.1","1213","1215","1216.9","1218.8","1220.7","1222.7","1224.6","1226.5","1228.5","1230.4","1232.3","1234.2","1236.2","1238.1","1240","1242","1243.9","1245.8","1247.7","1249.7","1251.6","1253.5","1255.5","1257.4","1259.3","1261.2","1263.2","1265.1","1267","1269","1270.9","1272.8","1274.7","1276.7","1278.6","1280.5","1282.5","1284.4","1286.3","1288.2","1290.2","1292.1","1294","1296","1297.9","1299.8","1301.7","1303.7","1305.6","1307.5","1309.5","1311.4","1313.3","1315.2","1317.2","1319.1","1321","1322.9","1324.9","1326.8","1328.7","1330.7","1332.6","1334.5","1336.4","1338.4","1340.3","1342.2","1344.2","1346.1","1348","1349.9","1351.9","1353.8","1355.7","1357.7","1359.6","1361.5","1363.4","1365.4","1367.3","1369.2","1371.2","1373.1","1375","1376.9","1378.9","1380.8","1382.7","1384.7","1386.6","1388.5","1390.4","1392.4","1394.3","1396.2","1398.2","1400.1","1402","1403.9","1405.9","1407.8","1409.7","1411.7","1413.6","1415.5","1417.4","1419.4","1421.3","1423.2","1425.2","1427.1","1429","1430.9","1432.9","1434.8","1436.7","1438.7","1440.6","1442.5","1444.4","1446.4","1448.3","1450.2","1452.2","1454.1","1456","1457.9","1459.9","1461.8","1463.7","1465.7","1467.6","1469.5","1471.4","1473.4","1475.3","1477.2","1479.2","1481.1","1483","1484.9","1486.9","1488.8","1490.7"
"F1a","0.0146391","0.0119684","0.0096565","0.007749","0.0063067","0.0053955","0.0049991","0.0050864","0.0055891","0.0064887","0.0077606","0.0094174","0.0114244","0.0137446","0.0162843","0.0189301","0.0215125","0.0239068","0.0259694","0.0275714","0.0285866","0.0289887","0.0287942","0.0281397","0.0272138","0.0262808","0.0255963","0.025435","0.0259921","0.0274476","0.0299095","0.0334452","0.0379905","0.0434119","0.0494418","0.0557459","0.0618784","0.0673972","0.071837","0.0748051","0.0759789","0.0752074","0.0724645","0.0679503","0.0619957","0.0550607","0.0476232","0.0401856","0.0331321","0.0267922","0.0213729","0.0170212","0.0137593","0.0115727","0.0103797","0.0101099","0.0106341","0.0118271","0.013489","0.0154","0.0172796","0.0188661","0.0198712","0.0201011","0.0194219","0.017837","0.0154367","0.0124642","0.0092217","0.0060792","0.0033545","0.0013298","0.0001758","0","0.0007753","0.0024031","0.0046663","0.0073391","0.0101681","0.0129612","0.015543","0.0178205","0.0197099","0.0211822","0.0221884","0.0227313","0.0228152","0.0224828","0.0217456","0.020653","0.0192367","0.0175991","0.015859","0.0142034","0.0128114","0.0118969","0.0116185","0.0120961","0.0133331","0.0152897","0.0178306","0.0207824","0.0239023","0.026962","0.0297173","0.0320092","0.0337443","0.0349789","0.0358515","0.0366243","0.0375823","0.0390399","0.0412607","0.0444987","0.0489088","0.0545617","0.0613738","0.0691515","0.077549","0.086163","0.0945245","0.1022016","0.1087667","0.1139047","0.1173819","0.1191222","0.1191726","0.1177491","0.1151374","0.1116918","0.1077448","0.1036255","0.0995897","0.0958618","0.0925779","0.0898451","0.0876888","0.086138","0.0851698","0.0847733","0.0848987","0.0855089","0.0865014","0.0877596","0.0891162","0.0904363","0.0915919","0.0925368","0.0932625","0.0938546","0.0944278","0.0951618","0.0962049","0.0977005","0.0996987","0.1021947","0.1050507","0.1080682","0.1109548","0.1134308","0.1152127","0.1161124","0.115995","0.1148892","0.1129405","0.1104238","0.1076466","0.1049663","0.1026789","0.1010421","0.1001657","0.1000689","0.1006181","0.1016127","0.1027486","0.1037407","0.1043195","0.1043739","0.1038892","0.1029847","0.1018191","0.1006145","0.0995696","0.0988966","0.0987234","0.0991623","0.1002374","0.1019405","0.1041718","0.1069015","0.1101184","0.1138917","0.1183253","0.1236309","0.1299995","0.1376041","0.1464898","0.1566387","0.1678566","0.1798262","0.1920594","0.2039641","0.2148355","0.2240446","0.231033","0.2354547","0.2371724","0.2363826","0.2334595","0.228911","0.2232847","0.2171988","0.2111257","0.205399","0.2001749","0.1955015","0.1912816","0.1874248","0.1838795","0.1806591","0.177798","0.1754898","0.1739212","0.1732891","0.1738328","0.1758156","0.1792992","0.1841827","0.1902594","0.1972833","0.2048745","0.2126156","0.2201048","0.2269414","0.232742","0.2371962","0.2399958","0.2409876","0.2402574","0.2380233","0.2344205","0.2296402","0.223993","0.2178813","0.2116097","0.2055263","0.2001013","0.1957954","0.1929958","0.1919783","0.1926592","0.1951267","0.1994182","0.2054947","0.2131433"
"F1b","0.0155666","0.012612","0.0099794","0.0077134","0.0058476","0.0044254","0.0034276","0.0028335","0.002601","0.002731","0.0032116","0.0040805","0.0053568","0.0070633","0.0091574","0.0115601","0.0141133","0.0166595","0.0189868","0.0209106","0.0222589","0.0229499","0.0229562","0.0223784","0.0213927","0.0202984","0.0194024","0.0190277","0.0194243","0.0207998","0.0232551","0.0268266","0.0314078","0.0368244","0.0427718","0.0488725","0.0546543","0.0596744","0.0635101","0.0658449","0.066431","0.065195","0.0621955","0.0576798","0.0519932","0.0455819","0.0388699","0.0322913","0.026172","0.0207701","0.0162257","0.0126349","0.0100033","0.008312","0.007491","0.0075077","0.0082957","0.0097831","0.0117944","0.0141153","0.0164577","0.0185406","0.0200592","0.0207897","0.0205588","0.0193276","0.0171493","0.0142338","0.0108875","0.0075121","0.0044751","0.0020987","0.0005677","0","0.0003777","0.0016028","0.0034792","0.005799","0.0083156","0.0108371","0.013193","0.0153026","0.0171021","0.0185704","0.019671","0.0204005","0.0207306","0.0206715","0.0202074","0.0193673","0.0181842","0.0167546","0.0151866","0.0136494","0.0122969","0.0112992","0.0107619","0.0107696","0.0113298","0.0124232","0.0139501","0.0158112","0.0178587","0.0199785","0.0220472","0.0239953","0.0257735","0.0274178","0.0289846","0.0305898","0.0323378","0.0343655","0.0367822","0.0397012","0.04317","0.0472241","0.0518088","0.0568366","0.0621331","0.0675095","0.0727315","0.0775827","0.0818311","0.0853061","0.0878624","0.0894594","0.0901121","0.0899258","0.0890293","0.0876125","0.0858439","0.0839095","0.081947","0.080101","0.0784463","0.0770458","0.0759163","0.07509","0.0745621","0.0743548","0.0744631","0.0748962","0.0756171","0.0765932","0.0777527","0.0790473","0.080409","0.0818263","0.0832822","0.0848262","0.0865153","0.0884485","0.0906804","0.0932651","0.0961833","0.099377","0.1026871","0.1059237","0.1088372","0.1112004","0.1127771","0.1134257","0.1130461","0.1116914","0.1095084","0.1067503","0.1036838","0.1006296","0.0978575","0.0956079","0.0940042","0.0931096","0.0928661","0.0931608","0.0937772","0.0945116","0.0951513","0.095601","0.0958237","0.0958828","0.0958571","0.0958733","0.0960228","0.0964142","0.0970948","0.098115","0.0994599","0.1011129","0.1029945","0.1051214","0.1075492","0.1104195","0.1139162","0.1183319","0.1239241","0.1309105","0.1393644","0.1492705","0.1604126","0.1724265","0.1847602","0.19677","0.2077138","0.2169464","0.2239118","0.2282646","0.2298903","0.2290225","0.2260662","0.2215586","0.2160684","0.2102067","0.2044164","0.1989948","0.1940574","0.1896191","0.1855604","0.1817773","0.1782034","0.1748551","0.1717965","0.1692431","0.1673824","0.166416","0.1665632","0.1680459","0.1708847","0.1749572","0.1800413","0.1858897","0.1921532","0.1984746","0.2045124","0.2099673","0.2145691","0.2181145","0.2203956","0.2213469","0.2210774","0.2197964","0.2176027","0.2146142","0.2110343","0.2071534","0.2031715","0.1993365","0.1959834","0.1934862","0.1921809","0.1923456","0.1939226","0.1970121","0.201662","0.2078599","0.2154206"
"0F4","0.0079519","0.0061947","0.004804","0.0038188","0.0032728","0.0032142","0.0036293","0.0044979","0.0057594","0.0073868","0.0093541","0.0116647","0.014257","0.0170741","0.0200145","0.0229455","0.0256654","0.0280201","0.0298457","0.0310434","0.0315386","0.0313587","0.0305782","0.0293776","0.0279791","0.026663","0.0256689","0.02525","0.0255889","0.0268251","0.0290043","0.0321736","0.0362974","0.0412921","0.0469483","0.0529826","0.0590005","0.064595","0.0693115","0.0727347","0.0744883","0.0743523","0.0722386","0.0682757","0.062741","0.0560916","0.0488249","0.0414521","0.034387","0.0279884","0.0224989","0.0180888","0.0147876","0.0125644","0.0113131","0.0109383","0.0112999","0.012268","0.013649","0.0152419","0.0167853","0.0180264","0.0187103","0.0186792","0.0178267","0.0161643","0.0137829","0.0109171","0.0078537","0.0049458","0.002503","0.0008006","0","0.0001955","0.001343","0.0033267","0.0059317","0.0089316","0.0120601","0.0151178","0.0179366","0.0204255","0.0224992","0.0241356","0.0253127","0.0260546","0.026372","0.026309","0.0258681","0.025087","0.0239931","0.0226756","0.0212441","0.0198972","0.0188291","0.0182566","0.0183491","0.0192401","0.0209461","0.0234209","0.0265083","0.0300002","0.0336102","0.0370714","0.0401039","0.0425162","0.0442036","0.0452373","0.0457924","0.0461763","0.0467253","0.0478095","0.0497504","0.0528426","0.057262","0.0630819","0.0702077","0.0784167","0.0873151","0.0964469","0.105293","0.1133753","0.1202357","0.1255255","0.1289902","0.1305696","0.1303371","0.1285267","0.1254532","0.1215065","0.1170486","0.1124312","0.1079279","0.1037809","0.1001365","0.097101","0.0947046","0.0929766","0.0919004","0.091476","0.0916559","0.0923927","0.093577","0.0950747","0.0966902","0.0982604","0.0996333","0.1007436","0.1015675","0.1021767","0.1026866","0.1032854","0.1041278","0.105373","0.1070997","0.1093317","0.1119544","0.1147768","0.1175148","0.1198964","0.12164","0.1225511","0.1224922","0.1214858","0.1196653","0.1172927","0.1146615","0.1121299","0.1100029","0.1085418","0.1078589","0.1079665","0.108725","0.1099232","0.1112406","0.1123813","0.1130748","0.1132053","0.1127467","0.111813","0.1105713","0.1092653","0.1081094","0.1073286","0.1070679","0.1074451","0.1084898","0.1102043","0.1124865","0.1153066","0.1186505","0.1225864","0.1272129","0.1327317","0.1393303","0.1471686","0.1562653","0.1665793","0.1779023","0.1899156","0.2021443","0.2140106","0.2248092","0.2339304","0.2408348","0.24518","0.2468274","0.2459573","0.2429192","0.2382026","0.2323507","0.2259862","0.219597","0.2135492","0.2080259","0.2030922","0.1986717","0.1947025","0.1911348","0.187971","0.1852355","0.1830876","0.1816855","0.181251","0.1820623","0.1843779","0.1882445","0.1935504","0.200062","0.2075054","0.215486","0.2235796","0.2313781","0.2384609","0.244404","0.2488549","0.2515085","0.2522656","0.2512324","0.248597","0.2445032","0.2391619","0.2328897","0.2261001","0.2191426","0.2124279","0.2064567","0.2016653","0.1984113","0.1970014","0.1973767","0.1996188","0.203732","0.209662","0.2172262"
"0F7","0.01089","0.0088295","0.0071604","0.0059221","0.00514","0.0048462","0.0050008","0.0055733","0.006503","0.0077822","0.0094097","0.0114178","0.0137968","0.0165416","0.0195642","0.0227467","0.0259076","0.0288938","0.0315019","0.0335679","0.0349324","0.0355313","0.0353443","0.0344803","0.0331247","0.0315813","0.0301707","0.0292297","0.0289983","0.0296867","0.0314163","0.0342785","0.0382378","0.0431876","0.0488755","0.0549761","0.0610432","0.0666393","0.0713048","0.0746631","0.0763814","0.0762515","0.0741786","0.0703054","0.0649139","0.0584407","0.0513437","0.0441068","0.0371323","0.0307794","0.0252805","0.0208063","0.01739","0.0150229","0.0136105","0.0130541","0.0132131","0.0139634","0.0151064","0.0164381","0.0176969","0.0186505","0.0190625","0.0187885","0.0177351","0.015929","0.0134684","0.0105887","0.0075651","0.0047353","0.002385","0.0007607","0","0.0001827","0.0012584","0.0031218","0.0055689","0.008401","0.0113944","0.0143734","0.0171712","0.0196922","0.0218501","0.0236179","0.0249457","0.0258268","0.0262467","0.0262311","0.0257809","0.0249434","0.0237572","0.0223382","0.0208153","0.0193769","0.0182023","0.017505","0.0174459","0.0181466","0.0196115","0.0217992","0.0245574","0.0276997","0.0309699","0.0341274","0.0369243","0.0392053","0.0408751","0.0419899","0.0427036","0.0432968","0.0440627","0.0453317","0.0473892","0.0504984","0.0548018","0.0603613","0.0670819","0.0747625","0.0830517","0.0915425","0.0997523","0.107244","0.1136035","0.1185217","0.121765","0.1232771","0.1231218","0.1215146","0.1187328","0.1151325","0.1110456","0.1068016","0.102651","0.0988197","0.0954384","0.0926167","0.090393","0.0888007","0.0878211","0.0874572","0.0876629","0.0883942","0.0895434","0.0909942","0.0925694","0.0941248","0.0955222","0.0967095","0.0976648","0.0984624","0.099204","0.1000522","0.1011413","0.102612","0.1045168","0.1068593","0.109519","0.1123163","0.1149785","0.1172497","0.1188584","0.1196186","0.1193871","0.1181834","0.1161422","0.1135296","0.1106464","0.1078517","0.1054435","0.1036846","0.1026969","0.1025093","0.1029976","0.1039686","0.105109","0.1061203","0.1067235","0.1068087","0.1063654","0.1055173","0.104425","0.1033074","0.1023563","0.1017803","0.1017048","0.1022332","0.1033792","0.105129","0.1073699","0.1100777","0.1132754","0.1170691","0.1215874","0.1270696","0.1337209","0.1417109","0.1510728","0.1617661","0.1735649","0.1861094","0.1988622","0.2111912","0.2223556","0.2317258","0.2387541","0.2430824","0.2445687","0.2434299","0.2400575","0.2349839","0.2287896","0.2221304","0.2155182","0.209305","0.2036632","0.198662","0.1942129","0.1902393","0.1866772","0.183516","0.1807735","0.1786335","0.1772765","0.1769049","0.1777567","0.1800901","0.1839557","0.1892169","0.1956458","0.2029834","0.2108339","0.2187729","0.226387","0.2332599","0.2389932","0.2432778","0.2458215","0.246489","0.2453688","0.242692","0.2386029","0.2332898","0.2270826","0.2204155","0.213621","0.2070731","0.2012517","0.19661","0.1935409","0.1923558","0.1929657","0.195442","0.199806","0.2060262","0.2138898"
"0F9","0.0132622","0.0106852","0.0085005","0.0067428","0.0054639","0.0047042","0.0043974","0.0044827","0.0048962","0.005621","0.0066546","0.0080521","0.0098361","0.012018","0.0145339","0.0172903","0.0201092","0.022836","0.0252677","0.0272101","0.0284719","0.0289784","0.0287136","0.0277873","0.0263999","0.0248755","0.0235372","0.0227248","0.0227","0.0236756","0.0257565","0.0290011","0.0333335","0.0386013","0.0445051","0.0506737","0.0566369","0.0619487","0.0661672","0.0689503","0.0700147","0.0692518","0.066681","0.0625053","0.0570382","0.0507182","0.0439978","0.0373224","0.0310243","0.0253947","0.0206135","0.0168043","0.0139802","0.012147","0.0112413","0.0112128","0.0119583","0.0133563","0.0152069","0.017289","0.0193127","0.0209917","0.0220335","0.0222443","0.021482","0.0197427","0.0171226","0.013891","0.0103653","0.006929","0.0039284","0.0016688","0.0003275","0","0.0006405","0.0021357","0.0042679","0.0068076","0.0094972","0.0121552","0.0146331","0.0168749","0.0188133","0.0204271","0.0216752","0.0225426","0.0229828","0.0229788","0.0224881","0.0215212","0.0200921","0.0182913","0.0162403","0.0141425","0.012194","0.0106092","0.0095271","0.0090557","0.0092013","0.009936","0.0111522","0.0127266","0.0144981","0.016351","0.0181588","0.0198605","0.0214245","0.0229091","0.0243946","0.0260191","0.0278993","0.030169","0.0329148","0.0362257","0.0401245","0.0446165","0.049634","0.0550762","0.0607486","0.066455","0.0719539","0.0770282","0.0814523","0.0850599","0.0877095","0.0893624","0.0900304","0.0898194","0.088868","0.0873823","0.0855406","0.0835293","0.0814898","0.0795733","0.0778564","0.0764042","0.0752332","0.074368","0.0738012","0.0735567","0.0736249","0.0740156","0.0746988","0.075653","0.0767986","0.0780826","0.0794489","0.0808944","0.0824032","0.0840184","0.0857895","0.0878013","0.0901004","0.0927355","0.0956748","0.0988542","0.1021131","0.1052641","0.1080512","0.1102481","0.1116335","0.1120737","0.1114717","0.1098803","0.1074529","0.1044455","0.1011333","0.0978453","0.0948484","0.092387","0.0905896","0.0895243","0.089124","0.0892676","0.089736","0.0903228","0.0908148","0.0911219","0.0912155","0.0911662","0.0910626","0.0910357","0.0911738","0.0915863","0.092314","0.093397","0.0948075","0.0965237","0.0984691","0.1006759","0.1032243","0.1062882","0.110091","0.114957","0.1211635","0.1289288","0.1383003","0.1492203","0.161414","0.1744511","0.1877103","0.2004817","0.2119714","0.2215065","0.228536","0.2327505","0.2340814","0.2328002","0.2293523","0.2243129","0.2182749","0.2118756","0.2055721","0.1996521","0.1942194","0.1892809","0.184717","0.1804368","0.1764185","0.172716","0.1694049","0.1667045","0.1648132","0.1639364","0.1642894","0.1660821","0.1693026","0.1737828","0.1792641","0.1854732","0.1920404","0.198591","0.2048025","0.2103822","0.2150496","0.2185977","0.2208166","0.2216309","0.2211471","0.2195638","0.2169665","0.2134653","0.2092644","0.2046755","0.199923","0.1952845","0.191174","0.1880325","0.1862508","0.1861537","0.1876794","0.1909348","0.1959777","0.2027966","0.2111986"
"0F14","0.009901","0.0078117","0.0061238","0.0048972","0.004178","0.0040075","0.004343","0.0051317","0.0063021","0.0078336","0.0096939","0.0118851","0.0143601","0.017081","0.0199684","0.0229248","0.025786","0.0284284","0.0307049","0.0324949","0.0336759","0.0342121","0.0341115","0.0334851","0.0324982","0.031411","0.0304687","0.0299534","0.0300841","0.0310459","0.0329449","0.0358918","0.0398846","0.0448397","0.0505261","0.05663","0.0627169","0.0683312","0.0729932","0.0762854","0.0778344","0.0774402","0.0750322","0.0707625","0.0649449","0.0580595","0.0505998","0.0430802","0.0359122","0.0294511","0.0239195","0.0194561","0.0160699","0.0137213","0.0123024","0.0117188","0.0118315","0.0125161","0.0135925","0.0148712","0.0161089","0.0170894","0.017579","0.0174357","0.0165584","0.0149614","0.0127243","0.0100569","0.00722","0.0045386","0.0022944","0.0007344","0","0.0001777","0.001227","0.0030475","0.0054464","0.0082256","0.0111488","0.0140426","0.0167391","0.0191465","0.0211871","0.0228439","0.0240809","0.0248936","0.0252736","0.025256","0.0248392","0.0240635","0.0229635","0.0216286","0.0201708","0.018792","0.0176808","0.0170575","0.0170861","0.0178906","0.0194795","0.0218059","0.0247305","0.0280752","0.0315811","0.0349987","0.0380616","0.0405881","0.042472","0.0437666","0.0446079","0.0452637","0.0460239","0.047224","0.0491664","0.0521325","0.0562968","0.0617496","0.0684184","0.0761134","0.0844803","0.0930989","0.1014792","0.1091633","0.115712","0.1208024","0.1241929","0.1258151","0.1257257","0.124135","0.1213288","0.1176776","0.1135246","0.1092007","0.1049508","0.1009935","0.0974654","0.0944755","0.0920619","0.0902641","0.0890659","0.0884599","0.0883998","0.0888457","0.0897012","0.0908586","0.0921421","0.0934004","0.0944901","0.0953562","0.095983","0.0964455","0.0968514","0.0973759","0.0981587","0.0993413","0.1009892","0.1031188","0.10563","0.1083541","0.1110222","0.1133768","0.1151493","0.1161538","0.1162469","0.1154417","0.1138619","0.1117568","0.1094033","0.107137","0.1052401","0.1039603","0.1034079","0.1035939","0.1043886","0.1055983","0.1069208","0.1080704","0.1087839","0.1089607","0.1085902","0.1077958","0.1067408","0.1056461","0.1047045","0.1041206","0.1040173","0.1045027","0.1056094","0.1073325","0.1095639","0.1122789","0.1154898","0.1192799","0.1237559","0.1291353","0.1356033","0.1433178","0.15231","0.1625433","0.1738133","0.1857975","0.1980074","0.209848","0.2206119","0.2296937","0.2365507","0.240835","0.2424093","0.2414682","0.2383746","0.2336397","0.2278134","0.2215173","0.2152436","0.2093325","0.2039513","0.1991622","0.194876","0.1910101","0.1874969","0.1843413","0.1815682","0.1793543","0.1778827","0.1773635","0.1780252","0.1801225","0.1837155","0.188681","0.1948041","0.201842","0.2094209","0.2171288","0.224551","0.2312795","0.236925","0.2411845","0.2437723","0.244553","0.243599","0.2411356","0.2373147","0.2323319","0.2265116","0.2202804","0.2139587","0.2078847","0.2024881","0.1981957","0.1953733","0.1943152","0.1949245","0.1972641","0.2013517","0.2071635","0.2145167"
"0F16","0.0114292","0.0075207","0.0043132","0.0019497","0.000505","0","0.000306","0.0012369","0.0025641","0.0041293","0.0057919","0.0074995","0.0092354","0.0110464","0.0129712","0.0150753","0.0173876","0.0199643","0.0227855","0.0258024","0.0288928","0.0319575","0.0349007","0.0377002","0.0403526","0.0429445","0.045565","0.0483392","0.0513648","0.0547537","0.058575","0.0629072","0.0677513","0.0731033","0.0788925","0.0850098","0.0912265","0.0972707","0.1028019","0.1074896","0.110952","0.1128851","0.1130455","0.1113333","0.1077594","0.1025072","0.0958713","0.0882926","0.0802308","0.0721494","0.0644129","0.057345","0.0511525","0.0459637","0.0417713","0.0385517","0.0361952","0.0345564","0.033414","0.0325528","0.0317342","0.0307736","0.0294774","0.0277367","0.0254816","0.0227335","0.0195507","0.0160866","0.0125228","0.0091147","0.006073","0.0035804","0.0017346","0.0006014","0.0001523","0.0003348","0.0010227","0.0021123","0.0034707","0.0049939","0.0065846","0.0082021","0.0097849","0.0112995","0.012677","0.0138657","0.0147901","0.0154182","0.0157002","0.0156318","0.0152226","0.0145577","0.0137386","0.0129316","0.0123018","0.0120281","0.0122201","0.0129739","0.014309","0.0162221","0.018647","0.0215265","0.0247593","0.0282666","0.0319595","0.0357789","0.0396593","0.0435838","0.0475248","0.0514975","0.0554926","0.0595379","0.0636331","0.0678065","0.0720672","0.0764528","0.0809626","0.0855918","0.0902718","0.0949209","0.0993927","0.1035338","0.1071548","0.1101084","0.1122388","0.113468","0.1137549","0.11316","0.1117893","0.1098211","0.1074294","0.1048183","0.1021596","0.0996311","0.097338","0.0953687","0.0937538","0.0925193","0.0916416","0.0911188","0.0909267","0.0910668","0.0915037","0.0922113","0.093128","0.0942251","0.095462","0.0968438","0.09836","0.100044","0.101913","0.1040041","0.1063152","0.1088529","0.1115639","0.1143808","0.1171643","0.1197645","0.1219897","0.1236889","0.1247129","0.1249946","0.1245019","0.1233155","0.1215587","0.1194278","0.1171228","0.1148828","0.1128899","0.1113088","0.1102077","0.1096106","0.1094561","0.109665","0.1100834","0.1105857","0.1110424","0.1114123","0.111671","0.1118807","0.1121163","0.1124917","0.1130718","0.1139339","0.1150975","0.1165946","0.1184236","0.1205996","0.1230673","0.125852","0.1290058","0.1326596","0.1369574","0.1421434","0.1484435","0.1560425","0.1649769","0.175208","0.1865116","0.1985409","0.2107792","0.222602","0.2332635","0.2421256","0.2486376","0.2524525","0.2534298","0.2517686","0.2478722","0.2423028","0.2356805","0.2286905","0.2218729","0.2156343","0.2101753","0.20556","0.2017013","0.1985074","0.1958625","0.1936935","0.1919513","0.1907234","0.1901037","0.1902394","0.1912869","0.1933812","0.1964869","0.2004685","0.2050966","0.2101337","0.2152715","0.2202425","0.2248117","0.2287895","0.232006","0.2343699","0.2357983","0.2363295","0.2360734","0.2351636","0.2336577","0.2316409","0.2292198","0.2265782","0.2238604","0.2213072","0.2192048","0.2178414","0.2174767","0.2184007","0.2205682","0.2240505","0.2288437","0.2349119","0.2421077"
"5F3","0.0714856","0.0684452","0.0657071","0.0632726","0.0611388","0.0593252","0.0578148","0.0566394","0.0558318","0.0554508","0.0555278","0.0561121","0.0572084","0.0588058","0.0608012","0.0630573","0.0653468","0.0674506","0.0691213","0.0701652","0.0704356","0.0699244","0.0686821","0.0668638","0.0646764","0.0624336","0.0604467","0.0590283","0.0583984","0.0587376","0.0601246","0.0625993","0.0660824","0.0704247","0.0753535","0.0805419","0.0855537","0.0899602","0.0933204","0.0952872","0.0955653","0.094011","0.0906036","0.0855274","0.0790988","0.0717652","0.0639671","0.0561522","0.048672","0.041825","0.0357898","0.0306992","0.0265787","0.0234312","0.0211885","0.0197922","0.0191288","0.0190893","0.0194972","0.0201526","0.0207842","0.0211518","0.0210181","0.020235","0.0187174","0.0165076","0.0137217","0.0106102","0.0074552","0.0045844","0.0022581","0.0006951","0","0.0002115","0.0012456","0.0029845","0.0052314","0.0077956","0.0104729","0.0131232","0.0156322","0.0179538","0.0200247","0.0218039","0.0232137","0.0241995","0.0246692","0.0245562","0.0237743","0.0223118","0.020174","0.017471","0.0143783","0.0111833","0.0081876","0.005702","0.0039563","0.0031185","0.0032244","0.0042199","0.0059094","0.008056","0.0103717","0.0126056","0.0144976","0.0158951","0.0167329","0.0171006","0.017159","0.0171629","0.0173816","0.0181131","0.0196056","0.0220809","0.0256508","0.0303665","0.0361424","0.0427908","0.0499759","0.0573075","0.0643328","0.0706365","0.0758114","0.0795547","0.0816428","0.0820231","0.0807732","0.0781254","0.0743667","0.069854","0.0649122","0.0598651","0.0549579","0.0503987","0.0463131","0.0428045","0.0399051","0.0376343","0.0359601","0.0348865","0.0343869","0.0344295","0.0349104","0.0357074","0.0366429","0.0375788","0.0383785","0.0389831","0.0393748","0.0396346","0.0398704","0.04024","0.0408697","0.041895","0.0433673","0.045275","0.0474827","0.0497959","0.0519401","0.0536616","0.0546895","0.0548455","0.0540267","0.0522901","0.0497815","0.0467631","0.0435227","0.0403987","0.0376758","0.0355993","0.0342812","0.0337461","0.0338742","0.0344785","0.0352731","0.0359967","0.0364066","0.0363942","0.035919","0.0350722","0.0339917","0.0328744","0.0318865","0.0312142","0.030974","0.0312721","0.0321388","0.033599","0.0355867","0.0380802","0.0410749","0.0446656","0.0489698","0.0542058","0.0605668","0.068182","0.077046","0.0871044","0.0981395","0.1098255","0.121681","0.1331374","0.1434912","0.1521416","0.1585954","0.1625558","0.1639155","0.1628713","0.1597591","0.155044","0.149254","0.1429763","0.1366666","0.1306606","0.1251104","0.1200693","0.1154712","0.1113046","0.1075794","0.1043231","0.1015857","0.0995323","0.0983059","0.0981313","0.0992555","0.1018608","0.105938","0.1113218","0.117731","0.1248824","0.1324143","0.1399846","0.1472805","0.153944","0.1596026","0.1639394","0.1666756","0.1677276","0.167141","0.1649961","0.1613625","0.1563746","0.1502749","0.1434554","0.1363077","0.129332","0.1230972","0.1180614","0.1146102","0.1130959","0.1134886","0.1158507","0.1201392","0.1262535","0.1339996"
"5F6","0.0100524","0.0082461","0.0068153","0.0057613","0.0050616","0.0047046","0.0046562","0.0049419","0.0055971","0.0066987","0.0082959","0.0104584","0.0131962","0.01648","0.0201732","0.0240837","0.0279237","0.0314128","0.0342377","0.0361691","0.0370639","0.0369492","0.0359466","0.0343033","0.0323278","0.030407","0.0288888","0.0281009","0.0282664","0.0295525","0.0320028","0.0356139","0.0402743","0.04583","0.0520058","0.0584808","0.0648316","0.0706193","0.0753871","0.0787399","0.0803213","0.0799415","0.0775531","0.0733281","0.0675635","0.0607171","0.0532807","0.0457677","0.0385961","0.03214","0.0266284","0.0222181","0.0189458","0.0167897","0.0156571","0.0154852","0.0161728","0.0176103","0.0195897","0.0218798","0.0241718","0.0261515","0.0274885","0.0279362","0.0272889","0.0254959","0.022613","0.0188753","0.0146297","0.0103298","0.0063978","0.0032167","0.0010312","0","0.0001239","0.0013039","0.0033239","0.0059442","0.0088826","0.0119152","0.0148392","0.0175387","0.0199097","0.0219057","0.0234668","0.0245705","0.0251746","0.0252836","0.0248838","0.0240059","0.0226865","0.0210453","0.0192215","0.0174165","0.0158188","0.0146331","0.0139992","0.0140321","0.0147437","0.0161034","0.0179936","0.020286","0.0227916","0.0253385","0.0277451","0.0299066","0.0317575","0.0333431","0.0347561","0.0361872","0.0378301","0.0399036","0.0425783","0.0460215","0.0503162","0.0554975","0.0614823","0.0681139","0.0751212","0.0822089","0.0890321","0.0952742","0.100624","0.1048657","0.1078261","0.1094506","0.1097676","0.1089345","0.1071494","0.1046768","0.1017661","0.0986713","0.0955902","0.0927176","0.0901658","0.0880236","0.0863207","0.0850884","0.0843133","0.0840012","0.084124","0.0846672","0.0855622","0.0867432","0.0881029","0.0895621","0.0910285","0.092479","0.0938976","0.0953404","0.0968761","0.0986242","0.1006659","0.1030846","0.1058804","0.1090066","0.1123078","0.115589","0.1185807","0.1210296","0.1226733","0.1233491","0.1229383","0.1214772","0.1191154","0.1161253","0.112806","0.1095205","0.1065669","0.1042077","0.1025804","0.101738","0.101588","0.1019799","0.1026531","0.1033522","0.1038215","0.1039563","0.1037382","0.1032712","0.1026902","0.1021801","0.1018817","0.1019478","0.102455","0.1034618","0.1049587","0.1069271","0.1092584","0.1119452","0.1150408","0.1187015","0.1231277","0.128636","0.1355038","0.143945","0.154009","0.1656424","0.1785779","0.1923922","0.2064693","0.2200759","0.2323781","0.2426738","0.2503644","0.2550821","0.256708","0.2554994","0.2519031","0.2465031","0.2399259","0.2328518","0.2257977","0.2191151","0.2129581","0.2073637","0.2022353","0.1974964","0.1930995","0.189075","0.1854902","0.1825766","0.1805511","0.1796325","0.1800523","0.1820397","0.1856104","0.190601","0.1967433","0.2037349","0.2111608","0.2185926","0.225622","0.231868","0.2369807","0.2407039","0.2428002","0.2431793","0.241962","0.2393966","0.2356451","0.2308911","0.2254158","0.219597","0.2137142","0.2080866","0.2031334","0.1992933","0.1969668","0.196512","0.1978608","0.2011032","0.2062855","0.2134038","0.2222732"
"5F8","0.1212587","0.117952","0.1150284","0.1124506","0.1101689","0.108151","0.1063665","0.1048881","0.103803","0.1032177","0.1031919","0.1037652","0.1049034","0.1065421","0.1085247","0.1106583","0.1126717","0.1143056","0.1153091","0.1155404","0.1149606","0.113683","0.1118572","0.1097046","0.1074525","0.1053585","0.1036376","0.1025038","0.102079","0.1024561","0.1036516","0.1056937","0.1085621","0.1122118","0.1164855","0.1211658","0.125908","0.1303286","0.133959","0.1363626","0.1371275","0.1359836","0.1327732","0.1275571","0.120562","0.1122195","0.103017","0.0934791","0.0840651","0.0751937","0.0671409","0.0601044","0.0541403","0.0492633","0.0454064","0.0424931","0.0404002","0.0390043","0.0381039","0.0374911","0.0368983","0.0360997","0.0348737","0.0330718","0.0305819","0.0274177","0.023666","0.0195496","0.0153462","0.011386","0.0079542","0.0052797","0.0034612","0.0025553","0.0025207","0.003282","0.0046689","0.0065032","0.0085848","0.0107822","0.0129777","0.0151191","0.0171415","0.0189949","0.0205851","0.0218203","0.0225813","0.0227905","0.022345","0.0211906","0.0192864","0.0167096","0.0136195","0.0103045","0.0070908","0.004343","0.0023578","0.0013738","0.0014699","0.0026168","0.0046451","0.0073141","0.0102844","0.0132256","0.0157986","0.0177703","0.0189917","0.0194951","0.0194329","0.0190859","0.0187738","0.0188568","0.0196385","0.0214141","0.0243861","0.0286726","0.0342277","0.0408759","0.0482526","0.0559117","0.0633113","0.0699344","0.0752865","0.0789878","0.0807635","0.0805225","0.0783328","0.0744617","0.0692568","0.0631425","0.0565226","0.0497844","0.0432215","0.0370899","0.0315383","0.026678","0.0225482","0.0191792","0.016543","0.0146225","0.013368","0.0127257","0.0125527","0.0126859","0.0129146","0.0130579","0.012949","0.0125253","0.011774","0.0107924","0.0097239","0.0087793","0.0081434","0.0079955","0.0084268","0.0094638","0.0109913","0.0128282","0.0146997","0.0163381","0.0174747","0.0179293","0.0175781","0.0164545","0.0146897","0.0125376","0.0102692","0.0081884","0.006542","0.0055411","0.0052558","0.0056617","0.0065892","0.0078136","0.0090284","0.009949","0.0103216","0.0100511","0.0091306","0.0076908","0.0059128","0.0040433","0.0023028","0.0009354","0.0001157","0","0.0006589","0.0021341","0.0043433","0.007219","0.0106882","0.0147492","0.0194033","0.0247566","0.0309133","0.0379517","0.0458538","0.0545999","0.064054","0.0740123","0.0841371","0.0939976","0.1030092","0.1106512","0.1164619","0.1201261","0.1214819","0.1206582","0.1179116","0.1136274","0.1082637","0.1023566","0.0963436","0.0905847","0.0852695","0.0804944","0.0762225","0.0724438","0.0691425","0.0663095","0.0639506","0.0621832","0.0611154","0.0609522","0.061938","0.0642793","0.0680192","0.0730696","0.0792165","0.0862415","0.09382","0.1016174","0.1093035","0.1164749","0.1226942","0.1275796","0.130801","0.1322239","0.1318519","0.1297553","0.1260227","0.1208317","0.11447","0.1073759","0.099983","0.0928214","0.0864505","0.0812835","0.0776396","0.0758261","0.075796","0.0775493","0.0809856","0.085974","0.0923056"
"5F9","0.0213407","0.0175394","0.0141271","0.0111445","0.0085832","0.0064193","0.0045784","0.0030323","0.0017583","0.0007952","0.0001843","0","0.0002791","0.0010704","0.002384","0.0042135","0.0064807","0.0090902","0.01187","0.0146436","0.0172338","0.0195541","0.0215427","0.0232027","0.0245543","0.0257021","0.0267679","0.0279311","0.0293585","0.0312178","0.0335984","0.0365616","0.0400732","0.0440553","0.0483645","0.0528588","0.05731","0.0614654","0.0650294","0.0677661","0.0694557","0.069965","0.0692153","0.067242","0.0641269","0.0600663","0.0552934","0.050088","0.0447148","0.039457","0.0345037","0.0299975","0.0259928","0.0225323","0.0196065","0.0172101","0.0153013","0.0138527","0.0127806","0.0120228","0.0114786","0.0110551","0.0106326","0.0101349","0.0094608","0.008554","0.0073816","0.006001","0.0045032","0.0030391","0.001748","0.0007825","0.0002334","0.0001866","0.0006543","0.0016235","0.0030185","0.0047796","0.0068076","0.009027","0.0113562","0.0137488","0.0161317","0.0184572","0.0206534","0.0226727","0.0244438","0.0259408","0.0271167","0.0279689","0.0285115","0.0288328","0.0290233","0.0292152","0.0295305","0.0300992","0.0309953","0.0322862","0.0339758","0.0360568","0.0384734","0.0411799","0.0440785","0.0470955","0.050143","0.0531673","0.0561055","0.0589473","0.0616846","0.0643488","0.0669606","0.0695783","0.0722441","0.075032","0.0779917","0.081179","0.0845949","0.0882347","0.0920267","0.0958839","0.0996693","0.1032567","0.1064835","0.1092231","0.1113552","0.1128286","0.1136175","0.1137768","0.1133838","0.1125671","0.1114486","0.1101753","0.1088514","0.1075888","0.1064517","0.1055065","0.1047664","0.1042574","0.1039756","0.1039382","0.1041347","0.1045797","0.1052526","0.1061369","0.1071827","0.108366","0.1096367","0.1109861","0.1123955","0.1138951","0.1155068","0.1172841","0.1192468","0.1214232","0.1237842","0.1262877","0.1288248","0.1312735","0.1334711","0.1352848","0.1365673","0.1372389","0.1372477","0.1366518","0.1355559","0.1341316","0.1325482","0.1310142","0.1296915","0.128731","0.1282059","0.1281567","0.1285394","0.1292864","0.1302598","0.1313361","0.1323734","0.1333142","0.1341209","0.1348247","0.1354641","0.1361246","0.1368576","0.137736","0.1387964","0.1400909","0.1416324","0.1434548","0.1455308","0.1478911","0.1505801","0.1537148","0.1574199","0.1619073","0.1673693","0.1739745","0.1817702","0.1907479","0.2007427","0.2114841","0.2225508","0.2334306","0.2434896","0.2521684","0.2589558","0.2634963","0.2656077","0.2654008","0.2631468","0.2592753","0.2542841","0.2487481","0.2431399","0.2378526","0.2331157","0.2290521","0.2256474","0.2228768","0.2206773","0.2190162","0.2178631","0.2172793","0.2173077","0.2180426","0.2195914","0.2220452","0.2253492","0.2293755","0.2339087","0.2387423","0.2436148","0.2483088","0.2526339","0.2564327","0.2595482","0.2618846","0.263347","0.2639558","0.2638006","0.2629846","0.2615416","0.2595389","0.257062","0.2542868","0.2513634","0.2485284","0.2460529","0.2442163","0.2432719","0.2434886","0.2448379","0.2474036","0.2511913","0.2561795","0.2622534"
"5F11","0.0075918","0.0047491","0.0025408","0.0010347","0.00023","7.86e-05","0.0004692","0.0013161","0.002522","0.004048","0.005872","0.0080201","0.0105032","0.0133467","0.0165395","0.0200679","0.0238662","0.0278697","0.0319424","0.0359467","0.0397429","0.0432483","0.046376","0.0491192","0.0514975","0.0536202","0.0556143","0.0576524","0.059879","0.0624405","0.0654342","0.0689403","0.072961","0.0774853","0.0824227","0.0876387","0.09289","0.0979177","0.1023945","0.1060119","0.1084526","0.1094683","0.1088653","0.1065863","0.1026813","0.0973469","0.0908645","0.0836225","0.0759914","0.068345","0.0609772","0.0541381","0.0479574","0.0425176","0.0378246","0.0338748","0.0306146","0.0279841","0.02587","0.0241649","0.0227234","0.0214225","0.0201072","0.0186691","0.0170106","0.0150923","0.0129008","0.0105169","0.0080577","0.0057023","0.0036118","0.0019437","0.0007997","0.0002695","0.0003561","0.0010412","0.0022483","0.0038977","0.0058702","0.0080701","0.0103989","0.0127891","0.0151396","0.0173807","0.0194323","0.0212523","0.0227997","0.0240714","0.0250524","0.0257864","0.0263191","0.026735","0.0271262","0.0276348","0.0283867","0.0294991","0.0310229","0.0330188","0.0355024","0.0384854","0.0419335","0.0458267","0.0501155","0.0547626","0.0596848","0.0648075","0.0700263","0.0752611","0.0804073","0.0853797","0.0900751","0.0944491","0.098469","0.1021632","0.1055806","0.10884","0.112045","0.1152954","0.1186268","0.1220511","0.1254985","0.1288793","0.1320412","0.1348346","0.1370931","0.1387138","0.1396222","0.1398274","0.1393782","0.1383981","0.1370006","0.1353207","0.1334674","0.1315639","0.1296779","0.1278694","0.1261534","0.124557","0.12308","0.1217484","0.120564","0.1195568","0.1187278","0.1180877","0.1176112","0.1173006","0.1171471","0.1171809","0.1174113","0.1178793","0.1186196","0.119685","0.1210861","0.122834","0.124878","0.1271585","0.1295439","0.1318994","0.1340564","0.1358781","0.1372294","0.1380469","0.1382923","0.1380242","0.1373435","0.1364095","0.1353732","0.1344171","0.1336687","0.1332504","0.1332049","0.1335572","0.1342573","0.1352362","0.1363698","0.1375567","0.1386762","0.1396876","0.1405643","0.1413528","0.1421117","0.1429318","0.1438699","0.145016","0.1464278","0.1481912","0.1503544","0.1529677","0.1560068","0.1594835","0.1633916","0.1677887","0.1727335","0.1783767","0.1848552","0.1922623","0.2005939","0.2098293","0.219817","0.230318","0.2409484","0.2512321","0.2605684","0.2684159","0.2742932","0.277896","0.2790797","0.2779843","0.2749116","0.2703023","0.2646789","0.2586429","0.2526699","0.2471343","0.2422471","0.2381179","0.2347044","0.2319519","0.2297941","0.2281882","0.2270782","0.2265159","0.2265511","0.2272832","0.2288263","0.2312619","0.2345196","0.2384641","0.2428919","0.2476059","0.2523414","0.256879","0.2610342","0.2646495","0.2675664","0.2697038","0.2709898","0.2714674","0.2712397","0.2704154","0.269044","0.2672126","0.2650187","0.2626283","0.2601749","0.2578672","0.2559379","0.2546192","0.2541113","0.2546507","0.2562028","0.2588255","0.2625041","0.2672052","0.2728083"
"10F4","0.0248773","0.0225315","0.0204336","0.0185624","0.0168923","0.0154231","0.0141354","0.0130839","0.0123235","0.0119254","0.0119374","0.0124252","0.013366","0.0147202","0.0163909","0.0182584","0.0201282","0.0218091","0.0231056","0.0238952","0.0241128","0.0238227","0.0231107","0.0221151","0.0209929","0.0199506","0.0191464","0.0187622","0.0189298","0.0197591","0.0212885","0.0235616","0.0265774","0.0303149","0.034651","0.039418","0.0443269","0.0490639","0.0532937","0.0567327","0.0591015","0.0602263","0.0600025","0.0584689","0.0557537","0.0521084","0.0478128","0.0431729","0.0384358","0.0338566","0.0296189","0.0259109","0.0228598","0.0205572","0.0189905","0.0181074","0.0177549","0.0177333","0.0177543","0.0175425","0.0168346","0.0154818","0.0134421","0.0108534","0.007938","0.0050393","0.0025154","0.000738","0","0.0005223","0.0023449","0.0053706","0.0093513","0.014016","0.0190552","0.0242225","0.0292857","0.0340854","0.0384975","0.0424902","0.0460624","0.0492922","0.052246","0.0549806","0.057438","0.0594843","0.0608899","0.0614219","0.0607979","0.058815","0.0553442","0.0504392","0.0442988","0.0373081","0.0299722","0.0229123","0.0166816","0.0117099","0.0081846","0.0061","0.0052289","0.0052457","0.0057587","0.0064533","0.0070664","0.0074477","0.0075256","0.007388","0.0072077","0.0072431","0.0077037","0.0087747","0.0105658","0.0131609","0.0165681","0.0208032","0.0258292","0.0315447","0.0377121","0.0440286","0.0501093","0.0555819","0.0600613","0.0632443","0.0648844","0.0648911","0.0633091","0.0603626","0.0563608","0.0516962","0.0467258","0.0417599","0.0370227","0.032705","0.0289","0.0256679","0.0230051","0.0208929","0.0192562","0.0180618","0.0172883","0.0169411","0.0169504","0.0172203","0.017591","0.0179278","0.0181281","0.0181721","0.0180627","0.0178927","0.0177739","0.0178436","0.0182031","0.018956","0.0201338","0.021713","0.0235505","0.0254628","0.0272005","0.0285411","0.0292745","0.029264","0.0284413","0.0268772","0.0246854","0.0220793","0.0192906","0.0165904","0.0142213","0.0124155","0.0113034","0.0109423","0.011239","0.0120379","0.0131227","0.0142888","0.0153096","0.0160383","0.0163593","0.0162963","0.0159437","0.0154645","0.0149794","0.0146455","0.0146016","0.0149951","0.0159013","0.0174332","0.0196124","0.0223987","0.0256972","0.0295518","0.0340218","0.039252","0.0453643","0.0523669","0.0601447","0.0686382","0.07771","0.0871715","0.0967093","0.1059439","0.1143047","0.1212972","0.126592","0.1300648","0.1316643","0.1315295","0.1298354","0.1268381","0.1228887","0.1183918","0.1136437","0.1088961","0.1042072","0.0995782","0.0949851","0.0905817","0.0865991","0.0832309","0.0806449","0.0790401","0.0785337","0.079361","0.0817454","0.085741","0.0912444","0.0980458","0.1057431","0.113997","0.1224901","0.1310053","0.1394777","0.1476974","0.1553136","0.1618986","0.1670119","0.1703912","0.1717975","0.1709437","0.1676718","0.1619505","0.1538185","0.1436354","0.1320504","0.1200342","0.1087542","0.0989946","0.0913225","0.0863136","0.0841098","0.0846934","0.0878245","0.0931805","0.1004407"
"10F7","0.0101237","0.0065998","0.0035647","0.0012702","0","1.37e-05","0.001334","0.0037234","0.0067788","0.0101377","0.0134898","0.0166342","0.0194231","0.0218007","0.0237383","0.0252978","0.0265844","0.0277999","0.0291166","0.0306412","0.0322948","0.0338812","0.0351862","0.036132","0.0367282","0.0370987","0.0374032","0.0378502","0.0386211","0.039941","0.0420117","0.0450388","0.0491054","0.0541676","0.0599896","0.0662366","0.0724637","0.0782228","0.0830327","0.0864647","0.0881459","0.0878439","0.0854595","0.0811327","0.0751713","0.0680479","0.0602554","0.0522981","0.0446093","0.0375963","0.0315215","0.0265735","0.0228244","0.0202835","0.0188465","0.0183628","0.0186204","0.0194142","0.0204887","0.0215913","0.0224308","0.0227744","0.022431","0.0213363","0.0194886","0.0170405","0.014231","0.0113722","0.0087264","0.0065616","0.0050765","0.0044135","0.0045978","0.0055987","0.0072752","0.0094467","0.0118638","0.0142995","0.0165235","0.0183979","0.0198117","0.0207049","0.0210068","0.0207253","0.0198815","0.0185481","0.0167919","0.0147268","0.012433","0.0100178","0.0075734","0.0052401","0.003157","0.0015156","0.0004659","0.0001512","0.0006394","0.0019752","0.0041111","0.0069491","0.0102897","0.0139198","0.0175811","0.0210544","0.0241325","0.026709","0.0287513","0.0303657","0.0317306","0.0331235","0.0348316","0.0371826","0.0404401","0.0448207","0.0504241","0.0572786","0.0652629","0.0741573","0.0836166","0.0932568","0.1026314","0.1113348","0.1189798","0.1252691","0.1299767","0.1330344","0.1344753","0.1344797","0.133294","0.13123","0.1285728","0.1256214","0.1226147","0.1197689","0.1172202","0.1150929","0.1134377","0.1122891","0.1116358","0.1114901","0.1118296","0.1126334","0.1138141","0.1152705","0.1168522","0.1184393","0.1199096","0.12122","0.1223657","0.1234366","0.1245335","0.1258084","0.1273924","0.1294032","0.1318577","0.1347126","0.1378089","0.1409341","0.1437917","0.1461008","0.1475825","0.1480615","0.1474562","0.1458482","0.1433957","0.1403847","0.1371319","0.1339796","0.1312154","0.1290936","0.1277372","0.1271732","0.1272783","0.127871","0.128693","0.1295097","0.130097","0.1303366","0.1301563","0.1296316","0.1289021","0.1281705","0.1276028","0.1273644","0.1275391","0.1281907","0.1293187","0.1309533","0.1330551","0.1356112","0.1386222","0.1422112","0.1465409","0.1519134","0.1586248","0.1668693","0.1766587","0.1879059","0.2003063","0.2134229","0.2266613","0.2393377","0.2506261","0.2598177","0.266355","0.2699361","0.270495","0.2683298","0.2639062","0.2578093","0.2507046","0.2432849","0.2360662","0.2294237","0.2234938","0.2182679","0.2136112","0.2094389","0.205678","0.2022932","0.1993092","0.1968924","0.1952155","0.1945714","0.1952754","0.1975273","0.2013204","0.2064991","0.2127467","0.2197219","0.2269958","0.2341639","0.2408532","0.2466885","0.2513252","0.2545245","0.2561451","0.256263","0.2550262","0.2525875","0.2491202","0.2448402","0.239954","0.234742","0.229467","0.2244857","0.220183","0.2168678","0.2148157","0.2143831","0.2156124","0.2185984","0.2233266","0.2297707","0.2378645"
"10F9","0.0191861","0.013961","0.0091928","0.005161","0.0021619","0.0004437","0","0.000573","0.0017171","0.0030217","0.004162","0.0049504","0.005281","0.0051858","0.0047868","0.0042964","0.0039667","0.0041327","0.0050705","0.0069209","0.0095496","0.0126624","0.0158983","0.0189879","0.021747","0.0241212","0.026126","0.0279051","0.0296415","0.0315707","0.0339204","0.0369147","0.0406582","0.0451347","0.0501347","0.0553598","0.0604158","0.06493","0.0685505","0.0710071","0.0720787","0.071699","0.0698943","0.066832","0.0627482","0.0579552","0.052754","0.0474552","0.0422922","0.0374697","0.0331218","0.0293787","0.0263054","0.0239344","0.022203","0.0210216","0.020222","0.0196261","0.0190078","0.0181689","0.01693","0.0152281","0.0130651","0.0105729","0.0079638","0.0055537","0.0036547","0.0025584","0.0024211","0.0033184","0.0052095","0.0079837","0.011433","0.015332","0.0194132","0.0234443","0.0271884","0.0304797","0.0332041","0.0353544","0.0369363","0.0380088","0.0386173","0.0388464","0.038737","0.0382977","0.0374721","0.0361882","0.0343156","0.0317731","0.0285175","0.024626","0.0202687","0.0157328","0.0113348","0.0074539","0.0043992","0.0023934","0.001485","0.0015935","0.0024911","0.0039036","0.0055321","0.0071709","0.0086616","0.0099557","0.0110745","0.012144","0.0133216","0.0148159","0.0167833","0.0193563","0.0225921","0.0265157","0.0310788","0.0362467","0.041957","0.0481363","0.0546178","0.0612145","0.0676894","0.0738152","0.0793398","0.0840653","0.087814","0.0904974","0.0920942","0.0926989","0.0924539","0.0915792","0.0902869","0.088786","0.0872235","0.0857459","0.0844358","0.0833589","0.0825265","0.0819432","0.0815693","0.0814007","0.0814394","0.081717","0.0822134","0.0829007","0.0837095","0.0845949","0.0855122","0.0864701","0.0874705","0.0885732","0.0898295","0.091304","0.0930304","0.0950389","0.0972933","0.0997232","0.1021699","0.104455","0.1063601","0.1077093","0.1083398","0.1081678","0.1071721","0.1054561","0.1031479","0.1004554","0.0975989","0.0948178","0.0923124","0.090268","0.0887774","0.0878829","0.0875179","0.0875859","0.0879397","0.088452","0.0889711","0.0893987","0.0896406","0.0897138","0.0896814","0.0896573","0.0897109","0.089925","0.0903455","0.091026","0.0919755","0.0932638","0.0949113","0.0969447","0.0993716","0.1023327","0.1060065","0.1106684","0.1165736","0.1238657","0.1325206","0.1424631","0.1534326","0.1650386","0.1767409","0.1879263","0.1978406","0.2058511","0.2115181","0.2146645","0.2152884","0.2136579","0.2101519","0.2052486","0.1995071","0.1935019","0.187613","0.1820976","0.1769976","0.1722581","0.167769","0.1635498","0.1596896","0.1562801","0.1534254","0.1513049","0.1500543","0.1499185","0.1511299","0.1537706","0.1577209","0.1627566","0.1685092","0.174646","0.1808276","0.1867996","0.1924253","0.1975501","0.2019924","0.2055938","0.2082155","0.2098708","0.2105566","0.2102131","0.208801","0.2063244","0.2027685","0.1982684","0.1930656","0.1876158","0.1825342","0.1783141","0.1753549","0.1741119","0.1747185","0.1772553","0.1816421","0.1877593","0.195464"
"10F12","0.01625","0.0115867","0.0073298","0.003777","0.0012446","0","5.31e-05","0.0011535","0.0028825","0.0048469","0.0067115","0.0082857","0.009452","0.0101948","0.0105684","0.0107529","0.0109798","0.0115655","0.0127975","0.014839","0.0175939","0.0208114","0.0241555","0.0273662","0.0302556","0.0327693","0.034908","0.0367656","0.0384983","0.0403607","0.0426137","0.0455327","0.0492809","0.0538823","0.0591681","0.064848","0.070494","0.0756773","0.0799444","0.0829048","0.0842273","0.0837266","0.0813623","0.0773013","0.07184","0.0653922","0.0583662","0.0511866","0.0442238","0.0378044","0.0321389","0.0273961","0.0236341","0.0208654","0.0190098","0.0179472","0.0174964","0.0174846","0.0176985","0.0179241","0.0179309","0.0175721","0.0167552","0.0154863","0.0138275","0.0119655","0.0101096","0.0084968","0.0072921","0.0066338","0.0065749","0.0071346","0.0082493","0.0098211","0.0116957","0.0137217","0.015712","0.017516","0.0189968","0.0200846","0.0207071","0.0208324","0.0204231","0.0195111","0.018132","0.0163685","0.0143022","0.0120545","0.0097178","0.0074046","0.0052115","0.003275","0.0017111","0.0006624","0.00024","0.0005586","0.0016743","0.0036202","0.0063256","0.0096685","0.0134522","0.0174682","0.0214596","0.0252124","0.0285308","0.0313078","0.0335052","0.0352287","0.0366563","0.0380714","0.0397764","0.0420861","0.0452422","0.0494643","0.0548708","0.0614981","0.0692425","0.0779053","0.0871552","0.0966173","0.1058595","0.1144813","0.1220955","0.1284178","0.1332304","0.1364391","0.138061","0.1382787","0.1373267","0.1355041","0.1331015","0.1304095","0.1276585","0.1250673","0.1227725","0.1208867","0.119461","0.1185291","0.1180703","0.1180679","0.1184829","0.1192842","0.120375","0.1216552","0.1229852","0.1242529","0.1253543","0.1262627","0.1269732","0.1275627","0.1281248","0.1287968","0.1296967","0.1309335","0.1325423","0.1345136","0.1367429","0.1390776","0.1412919","0.1431746","0.1445086","0.145159","0.1450621","0.1442803","0.1429174","0.1411808","0.1393001","0.1375312","0.1360834","0.1351408","0.1347804","0.1350025","0.1356899","0.1366797","0.1377559","0.1387454","0.1394731","0.1398366","0.1397571","0.1392908","0.1385603","0.1377525","0.1370186","0.1365201","0.1363533","0.1366046","0.1373045","0.1385145","0.1402402","0.1424844","0.1452141","0.1485113","0.1524778","0.1573237","0.1632616","0.1704242","0.1787978","0.1883165","0.1987433","0.2097547","0.220902","0.2316685","0.2413891","0.24948","0.2554827","0.2591507","0.2603872","0.2593718","0.2564105","0.251933","0.2464575","0.2405467","0.2346359","0.2290777","0.2240189","0.2194919","0.215426","0.2118128","0.2086354","0.2058657","0.2035025","0.201653","0.2004256","0.2000726","0.2008536","0.2029135","0.2062275","0.2106628","0.2159382","0.2217699","0.2278089","0.2337538","0.2393055","0.2441442","0.2479777","0.2506275","0.252022","0.2522911","0.2515704","0.2499758","0.2476603","0.244818","0.2415981","0.2382075","0.2348448","0.2317953","0.2292964","0.2275125","0.2265939","0.2268443","0.2283192","0.2310805","0.2350777","0.2402943","0.2467237"
"10F14","0.0113111","0.0074214","0.0040485","0.0014848","4.86e-05","0","0.0013365","0.0037956","0.0069296","0.0103071","0.0135651","0.0164747","0.0188663","0.0206909","0.0219799","0.0228602","0.0235113","0.0242167","0.0252232","0.0266751","0.0285002","0.0305098","0.0324594","0.0342022","0.0356767","0.0369322","0.0380448","0.0391653","0.0404553","0.0421215","0.0443577","0.0473859","0.0513109","0.0561267","0.0616593","0.0676332","0.0736433","0.0792739","0.0840709","0.0876308","0.0895812","0.089684","0.0878401","0.0841491","0.0788469","0.0723447","0.0650698","0.0574879","0.0500237","0.0430688","0.0368991","0.0317289","0.0276508","0.0247039","0.0228013","0.021806","0.021507","0.0216754","0.0220416","0.0223678","0.0223876","0.0219273","0.0208851","0.0192778","0.0171922","0.0148295","0.0124303","0.0102751","0.008568","0.0074762","0.0070708","0.0073793","0.0083402","0.0098559","0.0117533","0.0138646","0.015983","0.0179285","0.0195308","0.0206966","0.0213603","0.0215247","0.0211902","0.0204074","0.0192207","0.017715","0.0159523","0.0140172","0.0119559","0.0098333","0.0076858","0.005587","0.003617","0.0019251","0.0006669","3.09e-05","0.000137","0.001065","0.0027854","0.0052115","0.0081542","0.0114071","0.0147209","0.0178836","0.0206884","0.0230131","0.0248155","0.0262033","0.0273581","0.0285574","0.0300781","0.032216","0.0352066","0.0392512","0.0444419","0.0508153","0.0582763","0.0666343","0.0755651","0.0846979","0.0936124","0.1019142","0.109215","0.1152233","0.1197226","0.1226453","0.1240289","0.1240515","0.1229457","0.1210154","0.1185416","0.1158026","0.113014","0.110375","0.1080068","0.1060012","0.1043909","0.1032063","0.1024433","0.1021205","0.1022158","0.1027093","0.1035187","0.1045499","0.1056648","0.1067544","0.1077175","0.1085315","0.1091984","0.1098043","0.1104634","0.1113328","0.1125448","0.1142155","0.1163582","0.1189342","0.1217894","0.1247157","0.1274356","0.129695","0.1312498","0.1319605","0.1317644","0.1307471","0.1290678","0.1269844","0.1247694","0.1227145","0.1210416","0.1199337","0.1194525","0.1195835","0.1201936","0.1211123","0.1221193","0.1230402","0.1237042","0.1240332","0.1239909","0.1236596","0.1231612","0.1226697","0.1223156","0.1222315","0.1224852","0.1231328","0.124177","0.1256504","0.1275239","0.1297967","0.1324534","0.1355802","0.1393006","0.1438528","0.1494771","0.1563545","0.1645181","0.1739207","0.1843217","0.1953653","0.206546","0.2172711","0.2268132","0.2345452","0.2399678","0.2428274","0.2430838","0.2410155","0.2370668","0.231795","0.2258104","0.2197323","0.2140025","0.2089306","0.2045943","0.200933","0.1977659","0.1949609","0.1924121","0.1900674","0.187918","0.1860881","0.1847276","0.1840969","0.1844731","0.1860593","0.1888794","0.1928428","0.1977189","0.2032549","0.2091154","0.2149858","0.2205679","0.2255606","0.2296716","0.2327057","0.23454","0.2352254","0.2348601","0.2335721","0.2314837","0.2287611","0.2255685","0.2221288","0.2186255","0.2153147","0.2124661","0.2103131","0.2090583","0.2089686","0.2100493","0.2123715","0.2159237","0.2207084","0.2266748"
"10F16","0.0131715","0.0085513","0.0046402","0.0017945","0.0003318","0.0004947","0.0022467","0.0052497","0.0089737","0.0129312","0.0166998","0.0200167","0.0227296","0.0248324","0.0264255","0.0277561","0.0291265","0.0308875","0.0333204","0.0366049","0.0406523","0.045189","0.0498604","0.0543818","0.0585198","0.0621821","0.065351","0.0681321","0.0706868","0.0732588","0.0760859","0.0794258","0.0834784","0.0883758","0.0940762","0.1004167","0.107082","0.1136768","0.1197131","0.1247313","0.1282707","0.1299793","0.1295976","0.1270518","0.1224198","0.1159706","0.1080868","0.0992819","0.0900859","0.0810239","0.0725128","0.0648901","0.0583669","0.0530883","0.049044","0.0461355","0.0441449","0.0428141","0.0418184","0.0408498","0.0396134","0.0379312","0.035686","0.0328894","0.029641","0.0261616","0.0227103","0.0195782","0.0169654","0.0150183","0.0137832","0.0132552","0.0133379","0.0139105","0.0147945","0.0158223","0.0167924","0.0175623","0.0180272","0.0181634","0.0179618","0.017456","0.0166474","0.0155665","0.0142506","0.0127742","0.0111828","0.0095372","0.0078559","0.006173","0.0045081","0.0029393","0.0015648","0.0005392","0","9.04e-05","0.0008802","0.0024186","0.0046927","0.0076513","0.0111487","0.0150214","0.0190734","0.0231569","0.0271314","0.0309177","0.0344591","0.0377861","0.0409592","0.0440895","0.0472772","0.0506553","0.0543301","0.0584094","0.0629312","0.0679267","0.0733764","0.0792325","0.0853512","0.09155","0.0975797","0.1032035","0.1081612","0.1122306","0.1152198","0.1170405","0.1176773","0.1172286","0.1158333","0.1137106","0.1110868","0.1082079","0.105278","0.1024933","0.0999816","0.0978466","0.0961176","0.0948066","0.0938882","0.093357","0.0931863","0.0933555","0.0937991","0.0944613","0.0952581","0.0961341","0.0970367","0.097964","0.0989171","0.0999491","0.101104","0.1024548","0.1040481","0.1059252","0.1080618","0.1103997","0.1128131","0.1151565","0.1172346","0.1188834","0.1199509","0.1203673","0.1201231","0.119319","0.118078","0.1165879","0.1150284","0.1135906","0.1124197","0.1116396","0.1112913","0.1113638","0.111755","0.1123576","0.1130372","0.1136984","0.1142456","0.1146408","0.1148415","0.1148952","0.1148813","0.1149204","0.115099","0.1155133","0.1162072","0.1172221","0.118566","0.1202985","0.1224194","0.1249256","0.1277914","0.1310744","0.1348465","0.1392825","0.1445644","0.1508083","0.1580158","0.1661464","0.1750002","0.1842924","0.1936221","0.2025212","0.2103817","0.2166836","0.2210207","0.2231917","0.2231687","0.2211872","0.217612","0.2129098","0.2076148","0.2022724","0.1972666","0.1928775","0.1891738","0.1861044","0.18352","0.181328","0.1794318","0.1777703","0.1763158","0.175137","0.1743232","0.1740975","0.1746868","0.1762196","0.1786766","0.1819689","0.1858754","0.1901893","0.194668","0.1991197","0.2033469","0.2071476","0.2103139","0.2127272","0.2143423","0.215267","0.2155787","0.2153366","0.2146173","0.213534","0.2121553","0.2106287","0.2091125","0.207842","0.2069849","0.2066685","0.2069941","0.2081885","0.2102554","0.2132135","0.2169901","0.2215518","0.2268636"
"10F18","0.0136706","0.0087935","0.0046731","0.0016378","3.8e-06","0","0.0015364","0.0042032","0.0074299","0.0107029","0.0136064","0.0159007","0.0174589","0.0183064","0.0185716","0.018527","0.0185328","0.019039","0.0204312","0.0229242","0.0264072","0.0305794","0.035065","0.0395402","0.0437457","0.047549","0.050877","0.0537714","0.0563364","0.058776","0.0613123","0.0641928","0.0675755","0.071526","0.0759646","0.0807532","0.0856356","0.0903277","0.0945106","0.0978847","0.1001409","0.1010514","0.1004633","0.0983541","0.094769","0.089895","0.0839897","0.077398","0.0704766","0.0635927","0.0570154","0.0509862","0.0456527","0.0410968","0.0372804","0.0341175","0.031454","0.029116","0.026903","0.0246821","0.0223356","0.0198204","0.0171395","0.0143833","0.0116653","0.0091712","0.0070674","0.0054986","0.0045038","0.004087","0.0041913","0.0047444","0.0056346","0.0067672","0.0080113","0.0092577","0.010399","0.0113787","0.0121325","0.0126435","0.0128801","0.012828","0.0124451","0.0117347","0.0107036","0.0094038","0.00789","0.0062692","0.0046319","0.0030946","0.0017667","0.0007843","0.0002436","0.0002638","0.0009192","0.0022717","0.0043193","0.0070324","0.0103155","0.014075","0.0181853","0.0225482","0.0270465","0.0316038","0.0361371","0.0406114","0.0449902","0.0492904","0.0535267","0.0577545","0.0620104","0.0663435","0.0707846","0.0754001","0.0802332","0.085346","0.0907576","0.0964711","0.1024124","0.1084927","0.1145646","0.1204699","0.1260194","0.1310508","0.1353904","0.1389307","0.1416082","0.143452","0.1445201","0.1449345","0.1448195","0.1443219","0.1435581","0.14266","0.1417158","0.1408038","0.1399605","0.1392209","0.1385878","0.1380892","0.1377295","0.1375285","0.1374694","0.1375441","0.1377248","0.1380085","0.1383773","0.1388519","0.1394501","0.1402245","0.1412103","0.1424589","0.1439924","0.1458182","0.147879","0.1501065","0.1523737","0.154544","0.1564568","0.1579781","0.1589756","0.1593997","0.1592644","0.1586674","0.157699","0.1565138","0.1552652","0.1541095","0.1531625","0.1525425","0.1522953","0.1524431","0.1529329","0.1536955","0.1546504","0.1557596","0.1569488","0.1581517","0.1592661","0.1602885","0.1612549","0.1622368","0.163264","0.1643969","0.1656603","0.1670976","0.1687216","0.1706203","0.1728605","0.175492","0.1785123","0.1820182","0.1861148","0.1910111","0.1969179","0.2039493","0.2120804","0.2212532","0.2312323","0.2416902","0.2521896","0.262242","0.2712157","0.2785591","0.283848","0.2868521","0.2874759","0.2858868","0.2823862","0.277404","0.2714824","0.2651992","0.2589892","0.2532344","0.2481223","0.2437117","0.2399585","0.2368703","0.2344148","0.2325201","0.2311256","0.2302504","0.2299138","0.2302946","0.2315611","0.2337255","0.23667","0.2402523","0.24419","0.2482287","0.2521107","0.255687","0.2588409","0.2614605","0.2634442","0.2647834","0.2655486","0.2659638","0.2661363","0.2660652","0.265794","0.2653938","0.2648172","0.2640868","0.2632771","0.2625943","0.2621821","0.2621265","0.2625145","0.2636492","0.2656285","0.2685251","0.2722912","0.2769208","0.2824467"
"15F4","0.011815","0.0077938","0.0042534","0.0015497","6.31e-05","6.94e-05","0.0014693","0.0038857","0.0068341","0.0098962","0.0127187","0.0150907","0.0168981","0.0181384","0.0188641","0.0192471","0.0195352","0.0200821","0.0211865","0.0229645","0.0252197","0.027643","0.0299372","0.0319182","0.0334626","0.0345637","0.0352622","0.035668","0.0359398","0.0363367","0.0371423","0.0386794","0.0411726","0.0447136","0.0491641","0.0542668","0.0596628","0.0649571","0.0696745","0.0733571","0.0755525","0.0759323","0.0743392","0.0708487","0.0656928","0.0592871","0.0521074","0.0446577","0.0373542","0.0305883","0.0246553","0.0197893","0.016078","0.0135159","0.0119448","0.0111529","0.0108953","0.0109336","0.0109865","0.0108341","0.0102899","0.0092666","0.0077578","0.005918","0.0039673","0.0022097","0.0009044","0.0002696","0.0003971","0.0013232","0.0029882","0.0052735","0.0079819","0.0109373","0.0139483","0.0168639","0.0195427","0.0219013","0.0238439","0.0253166","0.0262578","0.0266557","0.0264884","0.0257826","0.0245612","0.0229076","0.0209135","0.0187113","0.0164054","0.0141141","0.011922","0.0099379","0.0082716","0.0071127","0.006664","0.0071503","0.0087217","0.0114667","0.015316","0.0201004","0.0255132","0.031172","0.0366162","0.0414147","0.045161","0.0475801","0.0485859","0.0483843","0.0473599","0.0460761","0.0451657","0.0452899","0.0470017","0.0507686","0.0568723","0.065396","0.0761468","0.0887144","0.1024261","0.1164786","0.1300347","0.1423467","0.1527098","0.1606043","0.1657083","0.1679659","0.1675348","0.1648259","0.1603681","0.1547601","0.1485369","0.1421907","0.1360837","0.1305214","0.125711","0.121803","0.1188281","0.1167907","0.1156495","0.1153686","0.1158703","0.1170657","0.1187631","0.1207204","0.1226149","0.1241741","0.1251745","0.1255189","0.1251903","0.1243063","0.1230435","0.1216702","0.1204634","0.1197039","0.1195855","0.1202157","0.121538","0.1234007","0.1255354","0.1276714","0.1295225","0.1308802","0.131616","0.1317198","0.1312554","0.1304336","0.1294978","0.1287377","0.1283965","0.1286774","0.1296424","0.1312502","0.1332947","0.1355107","0.1375979","0.1392855","0.1403145","0.1405292","0.1398644","0.1384412","0.1364788","0.1342658","0.132057","0.1301295","0.1286874","0.127895","0.1278412","0.1286453","0.1303036","0.1327146","0.1357517","0.1394128","0.1436756","0.1486437","0.1543925","0.1609148","0.1681415","0.1760284","0.18444","0.1932284","0.2021688","0.2109565","0.2190498","0.2259879","0.2313976","0.2350535","0.2367928","0.2366723","0.2347878","0.2314284","0.2270061","0.2219852","0.2168131","0.2118855","0.2073672","0.2033191","0.199696","0.1965575","0.1938839","0.191654","0.1898506","0.1885186","0.1877534","0.1879238","0.189303","0.1920495","0.1962335","0.2017574","0.2083258","0.2156859","0.2235177","0.2315674","0.2395099","0.246901","0.253243","0.2581418","0.26136","0.2628987","0.2626185","0.2604995","0.2567092","0.2514577","0.2449624","0.2376695","0.2300854","0.2228174","0.2162881","0.2107158","0.2062933","0.2033958","0.2019936","0.2020578","0.2034002","0.205992","0.2098338"
"15F6","0.0078053","0.0048483","0.0024369","0.0007895","0.0001163","0.0005285","0.0019196","0.0040741","0.006698","0.0095376","0.0123991","0.015195","0.0178718","0.0204482","0.0229431","0.0254017","0.0278674","0.0304112","0.0329999","0.0354821","0.0376132","0.039208","0.0401167","0.0403303","0.0399467","0.039186","0.0383031","0.0376034","0.0373698","0.0378964","0.0394066","0.0420633","0.0458709","0.0507282","0.0563992","0.0625643","0.0687843","0.0746138","0.0795725","0.0832321","0.0852129","0.0852897","0.0833873","0.0796446","0.0743308","0.0678534","0.0606598","0.0532429","0.0460335","0.0394132","0.0336443","0.028926","0.0253269","0.0228498","0.0214075","0.0208958","0.0211557","0.0220084","0.0231928","0.0244351","0.0254416","0.025967","0.0258019","0.0248464","0.0230657","0.0205585","0.0174926","0.0141383","0.0107927","0.0077892","0.0053991","0.003823","0.003133","0.0033345","0.0043263","0.0059427","0.0079533","0.0101434","0.0122825","0.0142019","0.0157559","0.0168791","0.0175311","0.0177348","0.017499","0.0168528","0.015815","0.0144421","0.0127628","0.0108313","0.0087107","0.0065297","0.0044228","0.0025689","0.0011268","0.0002606","6.2e-05","0.0005845","0.0017885","0.00359","0.0058334","0.0083514","0.0109331","0.0134107","0.0156326","0.0175284","0.0190757","0.02036","0.0215129","0.0227331","0.0242166","0.0261805","0.0288031","0.0322483","0.0365962","0.0418635","0.0479594","0.0547433","0.0619659","0.0693409","0.0765341","0.0832534","0.0891998","0.0941427","0.0979","0.1004004","0.1016652","0.1018418","0.1011037","0.099667","0.097748","0.0955928","0.093384","0.0912869","0.0894177","0.0878887","0.0867257","0.0859462","0.0855301","0.0854806","0.085792","0.086462","0.0874206","0.0885951","0.0898906","0.0912443","0.0925865","0.0939055","0.0952308","0.0966453","0.0982058","0.1000189","0.1021578","0.1046762","0.1075571","0.110723","0.1140043","0.1171933","0.120023","0.1222464","0.123631","0.124054","0.1235097","0.1220601","0.1198091","0.1170036","0.1139013","0.1107935","0.1079452","0.1055899","0.1038721","0.1028474","0.1024406","0.1025429","0.1030348","0.1037599","0.1045272","0.1051385","0.1054456","0.1054853","0.1053793","0.1052487","0.1051732","0.1052622","0.1055785","0.1061569","0.1070457","0.1083936","0.1102185","0.1124297","0.1150484","0.1182524","0.122223","0.1273349","0.1338753","0.141927","0.1515029","0.1625068","0.1746158","0.1874093","0.2003743","0.2128564","0.2239567","0.2330577","0.2397074","0.2436189","0.2447011","0.2432011","0.2394472","0.234016","0.2275825","0.2207143","0.2139547","0.2076809","0.2019602","0.1967672","0.1920259","0.1878124","0.1839844","0.1804552","0.1772735","0.1745223","0.1724359","0.1715441","0.172031","0.1739506","0.1773805","0.1821033","0.1876829","0.1938165","0.2001691","0.2065341","0.2125492","0.2178316","0.2220451","0.2250235","0.2268523","0.2277173","0.2273808","0.2259094","0.2235949","0.2205069","0.2165904","0.2121567","0.2076136","0.2034176","0.1996898","0.1965704","0.1943547","0.1936972","0.1945519","0.196877","0.2005292","0.2056548","0.2123567"
"15F8","0.0083447","0.0058008","0.0036312","0.001928","0.0008008","0.0003694","0.0006413","0.0015455","0.0029367","0.0047135","0.0067959","0.009158","0.0117559","0.0145568","0.0174967","0.0205149","0.0235074","0.0264151","0.0291682","0.0316948","0.0338338","0.0354278","0.0363591","0.0366638","0.036446","0.035911","0.035293","0.0348672","0.0348849","0.0355923","0.037172","0.0397838","0.0434696","0.0481584","0.0535973","0.0594571","0.0653121","0.0707341","0.075246","0.0784463","0.080002","0.0797317","0.0775837","0.0737056","0.0683757","0.0620084","0.0550352","0.047906","0.0410084","0.0346965","0.0292068","0.0247205","0.021301","0.0189778","0.0177013","0.0173874","0.0178673","0.0189585","0.0204005","0.0219116","0.0231605","0.0238751","0.023824","0.0228844","0.0210212","0.018352","0.015073","0.0115002","0.0079672","0.0048186","0.0023202","0.0006857","0","0.0002773","0.0014086","0.0032473","0.0055684","0.0081514","0.0107716","0.0132613","0.0154723","0.0173374","0.0187933","0.0198268","0.0204102","0.0205535","0.0202591","0.0195701","0.0185025","0.0171073","0.0154252","0.0135647","0.011649","0.0098537","0.0083497","0.0073327","0.0069261","0.007225","0.0082235","0.0098757","0.0120508","0.0145992","0.0173194","0.0200315","0.0225529","0.0247894","0.0266952","0.0283339","0.0298312","0.0313941","0.0332153","0.0355181","0.0384734","0.0422385","0.0468774","0.0524059","0.0587264","0.0656742","0.0729677","0.0803009","0.0873225","0.0937144","0.0991718","0.1034659","0.106415","0.107975","0.1081865","0.1072206","0.1052925","0.1026822","0.099646","0.0964468","0.0932747","0.0903148","0.0876866","0.0854782","0.0837137","0.0824136","0.0815537","0.0811293","0.0811009","0.081448","0.0820971","0.0829658","0.0839265","0.0848892","0.0857658","0.0865479","0.0872439","0.0879282","0.0886909","0.0896715","0.0909725","0.0926845","0.0948126","0.0973257","0.1000821","0.1028806","0.1054481","0.1075438","0.1089295","0.1094548","0.1090291","0.1077084","0.1056259","0.1030375","0.1002203","0.0974901","0.0951098","0.0933151","0.0922148","0.0918266","0.0920427","0.0927131","0.093607","0.0945085","0.0952044","0.0955918","0.0956257","0.0953923","0.095015","0.094669","0.0944895","0.0946205","0.0951414","0.0961194","0.0975654","0.0995024","0.1018793","0.1046831","0.1079144","0.1116793","0.1161219","0.1214874","0.1279848","0.1357589","0.1448047","0.1550475","0.1662376","0.1780185","0.1898888","0.2012662","0.2114495","0.2198422","0.2259772","0.2296107","0.230685","0.2294326","0.2262183","0.2215279","0.2158919","0.2098749","0.2038944","0.1982564","0.1930821","0.1883912","0.1840941","0.1801583","0.1765885","0.1734194","0.1706979","0.1685911","0.1672546","0.1669028","0.1677638","0.1700141","0.1736422","0.1785164","0.1843833","0.1909657","0.1978978","0.2048336","0.2114588","0.2174421","0.2224454","0.226203","0.2284859","0.2292223","0.2284775","0.2263882","0.2230715","0.2187027","0.2135013","0.2077921","0.2018866","0.1962049","0.1912352","0.1873876","0.1849952","0.1843617","0.1854612","0.1883446","0.1929838","0.1993233","0.2071892"
"15F11","0.1063222","0.102653","0.0993275","0.0964085","0.093985","0.0921934","0.0910745","0.0905977","0.0906534","0.0911598","0.092026","0.093205","0.0946307","0.0962585","0.0979895","0.0997548","0.1014526","0.1030264","0.1044206","0.1055995","0.1064542","0.1068735","0.1067494","0.1060863","0.1049433","0.1034836","0.1018982","0.1004369","0.0993193","0.0987957","0.0990719","0.1003422","0.1026772","0.1060414","0.1102265","0.1149263","0.1197011","0.1240928","0.1276137","0.1298563","0.1304499","0.1291837","0.12599","0.121022","0.1145729","0.1070665","0.0989311","0.0905989","0.0824238","0.0747261","0.0677143","0.0615686","0.0563827","0.0522137","0.0489927","0.0466294","0.0449705","0.0438464","0.0430003","0.0421615","0.0410316","0.0393836","0.0370605","0.0340741","0.0305393","0.0267145","0.0229149","0.0195171","0.0168117","0.0150522","0.0143634","0.0147737","0.0161632","0.0183728","0.0211659","0.0243076","0.0275411","0.0306777","0.0335466","0.0360593","0.0381569","0.0398256","0.0410009","0.0416521","0.0417108","0.0411308","0.0398388","0.0378093","0.03499","0.0313973","0.0270964","0.0222777","0.0171907","0.0121976","0.0076665","0.003967","0.0013641","4.11e-05","0","0.0011213","0.0031225","0.0056595","0.0083258","0.010779","0.0127153","0.0139604","0.0144445","0.0143012","0.0137702","0.0132161","0.0130096","0.0135377","0.0151184","0.0180295","0.0224058","0.0282934","0.0355687","0.0439698","0.0530455","0.0622613","0.0710039","0.0787131","0.0848635","0.0890707","0.0910691","0.0908152","0.0884373","0.0842672","0.0787122","0.0722661","0.065375","0.0584503","0.0517928","0.0456497","0.0401611","0.0354328","0.0314927","0.0283529","0.0259688","0.0243138","0.0233205","0.0229249","0.0229886","0.0233499","0.0237849","0.0241007","0.0241284","0.0238048","0.023124","0.022197","0.021171","0.020253","0.0196238","0.0194604","0.0198443","0.020803","0.0222263","0.0239286","0.0256234","0.0270277","0.0278556","0.0279074","0.0270616","0.0253626","0.0229358","0.0200387","0.0169723","0.0140817","0.0116631","0.0099816","0.00915","0.00918","0.009913","0.0111131","0.0124572","0.0136524","0.014425","0.0146298","0.0141916","0.0132031","0.0118359","0.0103245","0.0088753","0.0077198","0.0070362","0.006996","0.0076737","0.0091338","0.011344","0.0142735","0.0178525","0.0221031","0.0270641","0.0328761","0.0396455","0.047401","0.056065","0.0655754","0.0757697","0.0864124","0.0971251","0.1074592","0.1168224","0.1246937","0.1306426","0.1344298","0.1359493","0.1353385","0.1328156","0.1287194","0.1234778","0.1176047","0.1115087","0.1055142","0.0997764","0.0943853","0.08935","0.0847594","0.0807242","0.0773547","0.074752","0.073086","0.0724741","0.0731043","0.0751936","0.0789024","0.084199","0.0909056","0.0987175","0.1073557","0.1164783","0.125765","0.1349145","0.1435156","0.151088","0.157142","0.1612021","0.1629942","0.1624336","0.1595169","0.1542898","0.1469243","0.1377602","0.1273832","0.1164556","0.1057883","0.0962356","0.0884085","0.0827608","0.0796405","0.0790081","0.0808435","0.0849958","0.0912488","0.099304"
"15F13","0.0088496","0.0054407","0.0027457","0.0009289","0.0001175","0.0004225","0.001794","0.0040568","0.0069523","0.0102651","0.0138103","0.0175109","0.0213151","0.025234","0.0292717","0.0334525","0.0377741","0.0422753","0.0469567","0.0517836","0.0565609","0.0610483","0.0650074","0.0683152","0.0709181","0.0729063","0.0744302","0.0757498","0.077138","0.0789075","0.0813265","0.0846527","0.0890163","0.0944518","0.1007959","0.1077896","0.1150395","0.1220811","0.1283596","0.1333773","0.1366706","0.137926","0.1369424","0.1337162","0.1283768","0.1212459","0.1127322","0.1033673","0.0936559","0.0841034","0.0750953","0.0669397","0.059826","0.053894","0.0491598","0.0455918","0.0430496","0.0413474","0.0401982","0.0393192","0.0383908","0.03715","0.0353553","0.0328776","0.0296528","0.0257706","0.0214027","0.0168258","0.0123324","0.0082483","0.004826","0.0022666","0.0006508","0","0.0002157","0.0011552","0.0026035","0.0043567","0.0061976","0.0079751","0.0095502","0.0108497","0.0118011","0.0123809","0.0125651","0.0123767","0.0118241","0.0109519","0.0097939","0.0084301","0.006935","0.005448","0.0040997","0.00306","0.00247","0.0024791","0.0031657","0.0045874","0.006734","0.0095722","0.0130045","0.0169441","0.0212768","0.0259208","0.0307702","0.0357595","0.0408037","0.0458807","0.0509684","0.0560933","0.0612547","0.0664782","0.0717799","0.077218","0.0828318","0.088683","0.0947816","0.1011248","0.1076216","0.1141486","0.1205108","0.1265227","0.1319543","0.1366085","0.1402867","0.1428857","0.1443675","0.1448074","0.1443195","0.14309","0.141293","0.1391345","0.1367702","0.1343478","0.1319538","0.1296666","0.1274981","0.125465","0.1235544","0.1217892","0.1201687","0.1187189","0.1174329","0.1163182","0.115343","0.1145108","0.1138057","0.1132507","0.1128619","0.1126958","0.1127834","0.1131846","0.1139245","0.1150187","0.1164125","0.1180361","0.1197472","0.1213899","0.1227632","0.1237056","0.1240577","0.1237426","0.1227437","0.1211526","0.1190889","0.116759","0.1143656","0.1121292","0.1102199","0.1087901","0.1078964","0.1075494","0.1076634","0.1081339","0.1088131","0.1095854","0.1103202","0.1109483","0.1114154","0.1117792","0.112128","0.1125914","0.1132517","0.1142058","0.1155044","0.1172055","0.1193276","0.1219392","0.1250478","0.1286584","0.1327493","0.1374105","0.1427595","0.1490214","0.156395","0.1649847","0.1747531","0.1856157","0.197313","0.2094882","0.2216532","0.2332498","0.2435701","0.251996","0.2580469","0.2614649","0.2621687","0.2603799","0.2564543","0.2508822","0.2442466","0.2371657","0.2301117","0.2234736","0.2174339","0.2120563","0.2072893","0.2031338","0.1995841","0.196623","0.1942523","0.1925815","0.1916996","0.1917969","0.1930606","0.1955734","0.1992487","0.2039149","0.2092629","0.2149964","0.2207754","0.2263355","0.2314515","0.2358809","0.2393841","0.2418137","0.2430823","0.243269","0.2424933","0.2408542","0.2384503","0.2354252","0.2318943","0.2280754","0.2242062","0.2206652","0.217818","0.2159264","0.2152044","0.2159674","0.2182363","0.2220526","0.2273399","0.234014","0.2419571"
"15F16","0.0110216","0.0081811","0.0056182","0.0034474","0.0017954","0.0008063","0.0005074","0.0008477","0.0017051","0.0029828","0.0045769","0.0064309","0.0084853","0.0107238","0.0131026","0.0156066","0.0182188","0.0209633","0.0238373","0.0268203","0.0297772","0.0325407","0.0349217","0.0368196","0.0381798","0.0390639","0.0395826","0.0399246","0.0402942","0.0409619","0.0421853","0.044211","0.047173","0.0510992","0.0558295","0.0611005","0.0665093","0.0716259","0.0759789","0.0791659","0.0808214","0.0807278","0.0788114","0.0752028","0.0701524","0.0640466","0.0572932","0.0503275","0.0435182","0.0372028","0.0316004","0.0268862","0.0231311","0.0203599","0.0184978","0.0174585","0.0170885","0.0172162","0.0176101","0.0180436","0.0182553","0.0180498","0.0172738","0.015885","0.0139011","0.0114687","0.008783","0.0061079","0.003688","0.0017707","0.0005072","0","0.0002508","0.0012092","0.0027419","0.0047084","0.0069215","0.0092218","0.0114368","0.0134563","0.0151735","0.0165374","0.0175005","0.0180596","0.0181904","0.0179165","0.0172457","0.0162215","0.0148723","0.0132643","0.0114625","0.0095864","0.0077432","0.0060955","0.0048035","0.0040587","0.0039942","0.0046964","0.0061479","0.0082915","0.0109742","0.01402","0.0171989","0.0203131","0.0231673","0.0256391","0.0276531","0.0292739","0.0306375","0.0319763","0.0335196","0.0355117","0.0381571","0.0416499","0.0460857","0.0515001","0.0578052","0.0648397","0.0723153","0.079896","0.0871869","0.0938258","0.0994518","0.103804","0.1066801","0.1080132","0.10785","0.1063846","0.1038629","0.1005962","0.096879","0.0930095","0.0892094","0.0856804","0.0825511","0.0799244","0.0778257","0.0762766","0.0752415","0.0747019","0.0746155","0.0749455","0.0755902","0.0764433","0.0773643","0.0782418","0.0789694","0.0795238","0.0799133","0.0802235","0.0805472","0.0810275","0.0817828","0.0829296","0.0844967","0.0864626","0.0887061","0.0910628","0.0932953","0.0951812","0.0964976","0.097099","0.0969086","0.0959896","0.0944527","0.092516","0.0904236","0.0884493","0.0868084","0.0856992","0.0852123","0.0853583","0.0860236","0.0870503","0.0882157","0.0893219","0.090185","0.0907112","0.0908311","0.0906107","0.090175","0.0896968","0.0893089","0.0891703","0.0893845","0.0900493","0.0911999","0.0928884","0.0950949","0.0978129","0.1010175","0.1047722","0.1091533","0.1143492","0.1205252","0.1277682","0.1360427","0.1452906","0.1553151","0.1658428","0.1764722","0.1867398","0.1960456","0.2038719","0.2097992","0.2135875","0.2151344","0.2146005","0.2122422","0.20843","0.2036112","0.1982854","0.1928457","0.1876149","0.1827416","0.1782927","0.1742371","0.1706071","0.1674411","0.1647736","0.1626392","0.1611699","0.1604713","0.1607408","0.1621758","0.1649013","0.1688858","0.1739924","0.1799504","0.186496","0.1932989","0.2000736","0.2065692","0.2124796","0.2174664","0.2212591","0.2236352","0.2245417","0.2240034","0.2220919","0.2189044","0.2146094","0.2094","0.2036021","0.1975699","0.1917883","0.1867589","0.1828363","0.1802939","0.1794395","0.1802523","0.1827449","0.1868276","0.1924115","0.1993508"
"15F19","0.0125477","0.0085495","0.0051447","0.0025118","0.0007824","4.54e-05","0.0002038","0.0010428","0.0022738","0.0036828","0.0051153","0.0065192","0.0079123","0.0094011","0.0110863","0.0130927","0.0155189","0.0184861","0.0220498","0.0261666","0.0306018","0.0350495","0.0391781","0.0427554","0.045643","0.0478902","0.0496564","0.0512037","0.0528057","0.054757","0.0572816","0.06058","0.0647287","0.0696844","0.0752546","0.0811781","0.0871066","0.0927057","0.0976338","0.1016123","0.1043641","0.1057053","0.1055053","0.1037385","0.1004417","0.0957891","0.0900102","0.0834163","0.0763365","0.0691126","0.0620273","0.0553454","0.0492416","0.0438304","0.0391235","0.0351159","0.0317295","0.0288722","0.0264013","0.0241929","0.0221034","0.0200352","0.0179036","0.015681","0.0133578","0.0109914","0.0086472","0.0064267","0.0044112","0.0027114","0.0013954","0.0005246","0.0001049","0.0001294","0.0005374","0.0012665","0.0022183","0.003319","0.0044782","0.0056463","0.006769","0.0078289","0.0087847","0.0096207","0.0103","0.0108203","0.0111682","0.0113603","0.011402","0.0113281","0.011176","0.0110419","0.0110127","0.0112067","0.0117163","0.0126377","0.0139981","0.0158107","0.0180368","0.0206351","0.0235208","0.0266296","0.0298743","0.0332007","0.0365577","0.0399439","0.0433442","0.0467765","0.0502513","0.053811","0.0574658","0.0612462","0.0651578","0.0692215","0.0734295","0.077793","0.0822858","0.0868887","0.09153","0.0961452","0.1006172","0.1048327","0.1086561","0.1119844","0.1147074","0.1167771","0.1181738","0.1189508","0.1191729","0.1189604","0.1184302","0.1177211","0.1169327","0.1161811","0.115522","0.1150063","0.1146328","0.1144037","0.1142936","0.11431","0.1144439","0.1147116","0.1150996","0.1156202","0.1162615","0.117032","0.1179242","0.1189633","0.1201516","0.121525","0.1230876","0.1248568","0.1268207","0.1289698","0.1312356","0.1335452","0.1357792","0.1378243","0.1395361","0.140804","0.1415217","0.1416579","0.1412321","0.1403459","0.1390989","0.1376473","0.1361393","0.1347409","0.1335705","0.1327423","0.1323114","0.132313","0.1327029","0.1334268","0.134406","0.1355913","0.1368989","0.1382581","0.139573","0.1408266","0.1420265","0.1432178","0.1444063","0.1456326","0.1469231","0.1483296","0.1498816","0.1516741","0.153772","0.1562424","0.1591202","0.1625278","0.1665891","0.1715212","0.1775226","0.1847044","0.1930502","0.2024968","0.2128206","0.2237069","0.2347193","0.2453552","0.2549794","0.2630435","0.2690958","0.2728658","0.2742282","0.2733252","0.2704291","0.2659559","0.2604184","0.2543746","0.2482847","0.2425558","0.2374106","0.2329633","0.2292245","0.2262359","0.2239712","0.2223862","0.2214371","0.221147","0.2215285","0.2227041","0.2247653","0.2277155","0.2314423","0.2357845","0.240455","0.245204","0.2497725","0.2539944","0.2577295","0.260854","0.2632392","0.2648381","0.2656592","0.2658309","0.2654303","0.2645097","0.2631328","0.2613834","0.2592715","0.2569136","0.2544681","0.2522235","0.2504276","0.2492685","0.2489116","0.2496677","0.2515687","0.2546551","0.2588674","0.264178","0.2705399"
"20F3","0.0098428","0.0073539","0.0052305","0.0035243","0.0022959","0.0016232","0.0014924","0.0018483","0.0026038","0.0037229","0.0051808","0.00699","0.0091354","0.0116027","0.0143083","0.0171443","0.0199336","0.0225384","0.0248081","0.0266213","0.0278466","0.0284342","0.0283917","0.0278577","0.0270342","0.0261976","0.025611","0.025547","0.0261977","0.0277241","0.0302014","0.0336933","0.0381561","0.043464","0.0493533","0.0554938","0.0614457","0.0667798","0.0710449","0.0738699","0.0749476","0.0741285","0.0713932","0.0669383","0.0610963","0.0543391","0.0471394","0.0399645","0.0331906","0.0271344","0.0219823","0.0178761","0.014845","0.012885","0.0119181","0.0118618","0.0125848","0.0139605","0.0157784","0.0177913","0.0196856","0.0211772","0.0219887","0.0219356","0.0209046","0.01894","0.0161722","0.0128686","0.0093514","0.0060095","0.0031809","0.0011516","6.69e-05","0","0.0008978","0.0026399","0.005001","0.0077524","0.0106453","0.0134965","0.0161424","0.0184949","0.0204829","0.0220881","0.0232608","0.0239832","0.0242239","0.0239986","0.0232921","0.0221338","0.0205601","0.0186853","0.0166563","0.0147062","0.0130642","0.0119655","0.0115705","0.0119941","0.0132337","0.0152313","0.0178185","0.0207982","0.023912","0.0269415","0.0296683","0.0319636","0.0337762","0.0351926","0.0363661","0.0375388","0.0389542","0.0408918","0.0435772","0.0472189","0.0519169","0.0577056","0.0644772","0.07204","0.0800703","0.088203","0.0960138","0.103112","0.1091309","0.1137999","0.1169162","0.1184343","0.1184143","0.1170709","0.1146608","0.111503","0.1078907","0.1041251","0.100439","0.0970348","0.0940234","0.0915003","0.0894975","0.0880416","0.0871122","0.0867038","0.0867727","0.0872873","0.0881541","0.0892763","0.0905069","0.0917339","0.0928496","0.0938149","0.0946168","0.0953398","0.0960889","0.0970243","0.0982706","0.0999417","0.1020653","0.1046246","0.1074839","0.1104466","0.1132252","0.1155551","0.1171745","0.1179069","0.1176419","0.116433","0.1144169","0.1118545","0.1090333","0.10629","0.1039068","0.1021322","0.1010796","0.1007726","0.1010928","0.1018719","0.1028631","0.1038297","0.104539","0.1048822","0.1048126","0.1044221","0.1038455","0.1032735","0.102856","0.1027556","0.1030623","0.1038542","0.1051393","0.1069334","0.1091831","0.1118682","0.1149812","0.1186279","0.1229522","0.1282037","0.1346015","0.1423032","0.1513194","0.1615939","0.1728896","0.1848605","0.1970029","0.2087297","0.2193337","0.2281928","0.234798","0.2388633","0.2402911","0.2392967","0.2362425","0.2316149","0.2259552","0.2198506","0.2137451","0.2079778","0.2026888","0.1979076","0.193544","0.1895506","0.1859064","0.1826294","0.1797681","0.1775116","0.1760314","0.1755583","0.1763404","0.1785842","0.1823055","0.1873768","0.1935261","0.2004606","0.2077993","0.2151779","0.2222517","0.2286541","0.2340274","0.2380936","0.240604","0.241481","0.2407958","0.2387","0.2353117","0.2308032","0.2254162","0.2195076","0.2134069","0.2075424","0.2023939","0.1983588","0.1957732","0.1949378","0.195824","0.1984948","0.2029303","0.2090754","0.2167643"
"20F5","0.014121","0.0106865","0.0075766","0.0049225","0.0028361","0.001416","0.0006509","0.0004765","0.0007723","0.0014563","0.0024579","0.0037631","0.0053386","0.0071678","0.0092103","0.0114624","0.0138831","0.016467","0.0191709","0.0219485","0.0246764","0.0272234","0.0294446","0.0312957","0.032775","0.0339623","0.0349529","0.0359026","0.0369813","0.0384014","0.0403356","0.0429744","0.0464104","0.0506665","0.0556093","0.0610083","0.0665039","0.0717311","0.0762677","0.0797265","0.0817512","0.0821277","0.0807582","0.0777284","0.0732395","0.0676485","0.0613372","0.0547217","0.0481615","0.0419839","0.0364051","0.0316184","0.0277114","0.0247198","0.0225892","0.0212625","0.0206127","0.0204976","0.0207087","0.0210386","0.0212362","0.021096","0.0204333","0.0191594","0.0172436","0.0147956","0.011972","0.0090053","0.0061366","0.003638","0.0016984","0.0004689","0","0.0002959","0.001273","0.0028184","0.0047501","0.0069124","0.0091443","0.0113437","0.0133972","0.0152434","0.0168241","0.0181082","0.0190405","0.0196115","0.0197867","0.0195602","0.0189111","0.0178671","0.0164611","0.0148128","0.013065","0.0114234","0.0100895","0.0092939","0.0092058","0.0099425","0.0115119","0.013857","0.0167962","0.0201272","0.0236054","0.0270196","0.0301579","0.0328987","0.0351759","0.0370554","0.0386738","0.0402657","0.0420741","0.0443647","0.0473482","0.0512106","0.0560425","0.0618988","0.0687001","0.0762767","0.0843303","0.0925091","0.1003891","0.107574","0.1136711","0.1183915","0.1215171","0.1229798","0.1228199","0.1212341","0.1184874","0.1149293","0.1108784","0.1066585","0.1025271","0.0987078","0.0953296","0.0924934","0.0902251","0.0885432","0.0874128","0.0868135","0.0866879","0.0869932","0.0876327","0.0885092","0.0894736","0.0904084","0.0912044","0.0918205","0.0922326","0.0925163","0.0927677","0.093128","0.0937145","0.0946456","0.0959619","0.0976679","0.0996684","0.1018196","0.1038924","0.1056725","0.1069384","0.1075403","0.1073811","0.1065157","0.1050509","0.1031953","0.1011827","0.0992791","0.0977003","0.0966492","0.0962203","0.0964248","0.0971439","0.0982213","0.0994274","0.1005552","0.1014018","0.1018736","0.1019172","0.1016074","0.1010548","0.1004237","0.0998589","0.0995353","0.0995626","0.1000329","0.1009753","0.1024396","0.1044005","0.1068586","0.1098065","0.1133211","0.1174915","0.1225048","0.1285235","0.1356703","0.1439471","0.1533174","0.1635893","0.1744829","0.1855904","0.1964386","0.2064196","0.2149907","0.221689","0.2262204","0.2284386","0.2284724","0.2265688","0.2231017","0.2185023","0.2132728","0.2078165","0.2024668","0.1973977","0.1927014","0.1883552","0.1843834","0.1808243","0.177727","0.1751498","0.173256","0.1721788","0.1721089","0.1732398","0.1757464","0.1796309","0.1847585","0.190868","0.1976928","0.2048802","0.2120921","0.2190066","0.2252867","0.2305951","0.2346567","0.2372282","0.2382277","0.2377059","0.2358088","0.232642","0.2283672","0.223215","0.2175313","0.211637","0.2059474","0.2009343","0.1970011","0.1944657","0.1935967","0.1943685","0.1968376","0.2009723","0.2067081","0.2138597"
"20F7","0.007572","0.0052393","0.0033155","0.0018592","0.0009335","0.0006121","0.0008751","0.0016666","0.0028833","0.0044787","0.0064327","0.0087575","0.0114163","0.0143756","0.0175558","0.0208577","0.0241242","0.027231","0.0300338","0.0324151","0.0342142","0.035336","0.0357492","0.035569","0.0349799","0.0342494","0.0336334","0.0334144","0.0338207","0.0350484","0.0372157","0.0404133","0.0446124","0.0497111","0.0554603","0.0615448","0.0675484","0.0730557","0.0776245","0.080886","0.0825101","0.0823079","0.0802132","0.0763592","0.0710143","0.0645848","0.057501","0.0502468","0.0432332","0.0368223","0.0312551","0.0267228","0.0233075","0.0210477","0.019878","0.0197146","0.0204095","0.0218012","0.0236422","0.0256487","0.0274813","0.0288386","0.029422","0.029039","0.0275669","0.0250412","0.0216039","0.0175479","0.0132186","0.009032","0.0053601","0.0025258","0.0007101","0","0.0003465","0.0016298","0.0036248","0.006098","0.0087808","0.0114733","0.0140036","0.016286","0.0182409","0.019837","0.021026","0.0217859","0.0220779","0.0219092","0.0212698","0.0202007","0.0187394","0.0169978","0.0151147","0.0133041","0.0117717","0.0107368","0.0103372","0.0106691","0.0117211","0.0134341","0.0156717","0.0182912","0.0211002","0.0239453","0.0266575","0.0291427","0.0313534","0.0333566","0.0352666","0.0372679","0.0395286","0.0422382","0.0455285","0.049531","0.0543113","0.0598951","0.0661982","0.0730798","0.0802782","0.0875057","0.094428","0.100756","0.1062033","0.1105422","0.1135857","0.1152773","0.1156399","0.1148345","0.1130631","0.1105822","0.1076372","0.1044893","0.1013377","0.0983775","0.0957301","0.0935063","0.0917423","0.0904586","0.0896404","0.0893011","0.0894108","0.0899475","0.0908265","0.0919688","0.0932661","0.0946392","0.0960031","0.0973384","0.0986342","0.0999541","0.1013727","0.1030058","0.104938","0.1072457","0.1099082","0.1128643","0.1159537","0.1189877","0.1217094","0.1238801","0.1252513","0.1256657","0.1250339","0.1234166","0.1209549","0.1179069","0.1145594","0.1112416","0.1082253","0.1057705","0.1040226","0.1030492","0.1027768","0.1030707","0.1037043","0.1044741","0.1051685","0.1056632","0.1058815","0.1058898","0.1057937","0.1057377","0.1058289","0.1062013","0.1069149","0.1080169","0.1095014","0.1113907","0.1136521","0.1163121","0.1194093","0.1230997","0.1275917","0.1332062","0.1402178","0.1488051","0.1589795","0.1706594","0.1835402","0.1971855","0.2109968","0.2242898","0.2362579","0.2462051","0.2535708","0.2580484","0.2595404","0.2582886","0.2547031","0.2493313","0.2427838","0.2357168","0.228621","0.2218629","0.2156045","0.2098933","0.204652","0.1998413","0.1954469","0.1915025","0.1880699","0.1853536","0.1835361","0.1828486","0.1835475","0.1858233","0.1896442","0.1948296","0.2010681","0.2080359","0.215317","0.2225042","0.2292417","0.2351979","0.2400528","0.2435638","0.2455276","0.2459188","0.2448746","0.2425597","0.2390962","0.2346495","0.2294416","0.2238004","0.2180078","0.2124486","0.2076085","0.2039241","0.2017607","0.2014396","0.2029598","0.2064315","0.2118667","0.2192092","0.2282881"
"20F10","0.0099521","0.0070635","0.004487","0.0024027","0.0009558","0.0002655","0.0003145","0.0010211","0.0022461","0.0038853","0.0058392","0.0081066","0.0106793","0.0135567","0.0167206","0.0201936","0.0239636","0.0280386","0.0323613","0.0368283","0.0412344","0.0453706","0.0490123","0.0520327","0.0543743","0.0561319","0.0574432","0.0585367","0.0596878","0.0612362","0.0634794","0.0666991","0.0710425","0.0765489","0.083092","0.0904306","0.0981488","0.1057782","0.1127679","0.1185996","0.122765","0.1248952","0.1247537","0.1223264","0.1177374","0.1112894","0.1033719","0.0944992","0.0851905","0.0759577","0.0672019","0.059261","0.0523322","0.0465567","0.0419508","0.0384871","0.0360489","0.0344834","0.0335207","0.0328831","0.0322647","0.0314234","0.0301362","0.0282719","0.025755","0.0226272","0.0190005","0.0151166","0.0112315","0.0076407","0.0045787","0.0022374","0.0006971","0","8.07e-05","0.0008344","0.0020809","0.0036466","0.0053357","0.0070021","0.0085185","0.0098323","0.0108813","0.011646","0.0120996","0.0122621","0.0121452","0.0118025","0.0112588","0.0105764","0.0098051","0.0090539","0.008433","0.0081059","0.00822","0.0089284","0.0103132","0.0124426","0.0153004","0.0188333","0.0229227","0.0274538","0.0322608","0.0372014","0.0421194","0.0469189","0.0515273","0.0559681","0.0602876","0.064599","0.0690137","0.0736823","0.0787069","0.0842059","0.0902536","0.0969066","0.1041312","0.1118517","0.1198788","0.1279845","0.1358779","0.1432855","0.1499099","0.1555148","0.1598934","0.1629557","0.1646796","0.1651798","0.164616","0.163223","0.1612376","0.1589063","0.1564015","0.1538878","0.1514613","0.1492056","0.1471404","0.1452841","0.1436141","0.1421393","0.1408436","0.1397476","0.1388314","0.1380864","0.1374609","0.1369159","0.1363947","0.1358939","0.1354075","0.1349909","0.1346822","0.1345471","0.1346227","0.1349566","0.1355416","0.1363611","0.1373184","0.1382973","0.1391233","0.1396443","0.1397044","0.1392226","0.1381609","0.1365901","0.1346005","0.1323717","0.1301024","0.1280208","0.1262999","0.1250973","0.1244804","0.1244674","0.1249571","0.1258116","0.1268403","0.1278869","0.1287841","0.1294384","0.1297815","0.1298763","0.1298354","0.1298176","0.1299337","0.1303208","0.1310719","0.1322723","0.1339382","0.1361136","0.1387847","0.1419546","0.145604","0.1498075","0.1546613","0.1603804","0.1671671","0.1751484","0.1843091","0.1946046","0.2058297","0.2176744","0.2296857","0.2413397","0.251972","0.260983","0.2678686","0.2723218","0.2741991","0.2736593","0.2709965","0.2666386","0.2611091","0.2550026","0.2487831","0.2428395","0.2373784","0.2324992","0.2281709","0.224385","0.2211241","0.2183868","0.2161858","0.2146417","0.2138537","0.2140108","0.2153218","0.2179109","0.2217239","0.2266179","0.2323109","0.2385105","0.2448516","0.2510163","0.2567224","0.2616958","0.2656722","0.2684765","0.2699883","0.2702623","0.269431","0.2676209","0.2649449","0.2615737","0.2576686","0.2534703","0.24921","0.2452362","0.2419074","0.2395087","0.2382789","0.2384974","0.2401598","0.2433277","0.247961","0.2539982","0.2613214"
"20F13","0.0102161","0.0070967","0.0043797","0.0022277","0.0007566","5e-05","6.2e-05","0.0006735","0.0017023","0.0030201","0.0045259","0.0061991","0.0080279","0.0100596","0.0123277","0.0148911","0.0177719","0.0209986","0.0245319","0.0282962","0.0321224","0.0358078","0.0391143","0.0419064","0.0441206","0.0458277","0.0471768","0.0484177","0.0497962","0.0515805","0.053981","0.0571849","0.0612663","0.0662333","0.0719556","0.0782056","0.0846269","0.0908569","0.0964821","0.1011345","0.1044608","0.1062009","0.106168","0.1043243","0.1007287","0.0955962","0.0892147","0.0819837","0.0742963","0.0665529","0.0590712","0.05213","0.0458944","0.0404734","0.035873","0.0320797","0.029013","0.026572","0.0245901","0.0229193","0.0213883","0.0198722","0.0182397","0.016432","0.0144126","0.012207","0.0098661","0.00751","0.0052613","0.0032831","0.0017008","0.0006293","0.0001059","0.0001495","0.0007088","0.0017146","0.0030438","0.0045955","0.0062479","0.0079093","0.009494","0.0109603","0.0122533","0.013361","0.0142652","0.0149743","0.015472","0.0157867","0.0159415","0.0159948","0.0159996","0.0160573","0.0162648","0.0167485","0.01761","0.0189579","0.0208431","0.0233009","0.0262948","0.0297623","0.033597","0.0377304","0.0420693","0.0465392","0.0510432","0.0555278","0.0599388","0.064269","0.0685161","0.072724","0.0769149","0.0811319","0.085388","0.0897328","0.0942119","0.0989075","0.1038412","0.1090105","0.1143414","0.1197453","0.1250719","0.1301788","0.1348929","0.1390665","0.1425451","0.1452441","0.1471133","0.1482001","0.1485879","0.1484231","0.1478326","0.1469641","0.1459231","0.1448108","0.1436783","0.1425875","0.1415447","0.1405555","0.1396034","0.1387056","0.1378629","0.13711","0.1364628","0.1359521","0.135573","0.1353416","0.1352455","0.135296","0.1354991","0.1359033","0.1365195","0.1373739","0.13847","0.1398125","0.1413529","0.1430378","0.1447614","0.1464145","0.147848","0.1489435","0.1495781","0.1497002","0.1493109","0.1485027","0.1473637","0.1460452","0.1446969","0.1434853","0.1425309","0.1419425","0.1417567","0.14198","0.142532","0.1433229","0.1442377","0.1451974","0.1461088","0.1469272","0.1475958","0.1481543","0.1486745","0.1492671","0.1499989","0.1509538","0.15217","0.1536867","0.1555077","0.1576842","0.1602204","0.1631192","0.1663648","0.1700451","0.1742575","0.1792081","0.185098","0.1920641","0.2001298","0.2092765","0.2193165","0.2299652","0.2408145","0.2513724","0.2609999","0.2691327","0.2753044","0.2792389","0.2807994","0.2801276","0.2775044","0.2733626","0.2682305","0.262679","0.25716","0.2520535","0.2475497","0.2437198","0.2405228","0.2379487","0.2359423","0.2344489","0.2334172","0.2328857","0.2328959","0.2336077","0.2351634","0.2376298","0.2409385","0.2449493","0.2494009","0.2540582","0.2586529","0.262987","0.2668782","0.2701656","0.272695","0.2744007","0.2752776","0.2754598","0.2750485","0.2741329","0.2727847","0.2710908","0.2690957","0.2669323","0.2647363","0.2627513","0.2611937","0.2602505","0.2600841","0.260962","0.2629127","0.2659908","0.2701441","0.275338","0.281502"
"20F16","0.0069403","0.0040834","0.0019108","0.00055","7.58e-05","0.0005252","0.0018189","0.0037918","0.0062034","0.0088745","0.0116848","0.0145876","0.0175631","0.0206529","0.0238913","0.0273097","0.0309143","0.0347382","0.0387707","0.0429698","0.0472104","0.0513342","0.0551635","0.0586264","0.0617116","0.0644937","0.0670852","0.0696633","0.0723794","0.0753977","0.0788609","0.082923","0.0876577","0.0930832","0.0990971","0.105499","0.1119607","0.1181282","0.1235831","0.1279146","0.1307187","0.1316954","0.1306404","0.1275289","0.1224593","0.1157022","0.1076266","0.0987326","0.089527","0.0804925","0.0720063","0.0644024","0.057885","0.0525637","0.0484349","0.0454459","0.0434512","0.0422451","0.0415222","0.0409758","0.040293","0.039245","0.0376328","0.0353439","0.032337","0.0287049","0.0246001","0.020271","0.0160031","0.0121085","0.0088262","0.0063333","0.0046994","0.0039371","0.0039615","0.0046497","0.0058077","0.0072483","0.0087734","0.0102311","0.0114924","0.0125016","0.0132143","0.0136201","0.0136897","0.0134224","0.0128072","0.0118675","0.0106078","0.0090697","0.0073102","0.005453","0.0036316","0.0020143","0.000763","5.49e-05","7.4e-06","0.0007045","0.0021404","0.0042673","0.0069805","0.0101777","0.0137161","0.0174829","0.0213678","0.0253032","0.0292192","0.0330924","0.036916","0.0407382","0.0445924","0.0485188","0.05253","0.056661","0.0609323","0.0653791","0.0699876","0.0747328","0.079525","0.0842485","0.0887313","0.0928061","0.0962838","0.0990077","0.1008223","0.1016391","0.1014359","0.1002938","0.0983375","0.095761","0.0927649","0.0895788","0.0863918","0.0833836","0.08068","0.0783864","0.0765376","0.0751417","0.0741623","0.0735814","0.0733713","0.0735191","0.0739752","0.074703","0.0756471","0.0767724","0.0780291","0.0794139","0.0809357","0.0826363","0.0845279","0.0866396","0.0889752","0.0915355","0.0942635","0.0970784","0.0998371","0.1023875","0.1045419","0.1061334","0.1070158","0.1071378","0.106527","0.1052704","0.1034696","0.1013235","0.0990325","0.096809","0.094823","0.0932325","0.0921229","0.0915284","0.0913851","0.0916101","0.092117","0.0928018","0.0935334","0.0941925","0.0946815","0.0950401","0.0953496","0.0956978","0.0961443","0.0967821","0.09767","0.0988595","0.1003979","0.1024075","0.1049174","0.1078925","0.1113668","0.11548","0.1203533","0.1262616","0.1334224","0.1419239","0.1517752","0.1628925","0.1750091","0.1877528","0.2006382","0.213064","0.2242337","0.2335268","0.2404568","0.2446793","0.2460413","0.2447397","0.2410972","0.235655","0.2290506","0.2218856","0.2147254","0.2079809","0.2018108","0.1962793","0.1913563","0.1870795","0.1833628","0.1801491","0.1774725","0.1754211","0.1741568","0.1740088","0.1750764","0.1773848","0.180934","0.18549","0.1906549","0.1961424","0.201637","0.2069269","0.2117513","0.2158677","0.2190724","0.2212776","0.2225365","0.2229611","0.222441","0.2210971","0.2191384","0.216608","0.213482","0.2100307","0.2065569","0.2034233","0.2008321","0.1990277","0.1983283","0.1992321","0.2016714","0.2056064","0.2109241","0.2176781","0.2258372"
